44935.562715 11.20342824979601026314 0.00000000037005103249 -15672.119634 0.731878 0.216911 0.000000 68.305400 0.000000 44924.883531 45192.090858 86 142.107 207.628 
44940.666080 11.20342134110664744640 0.00000000103996018466 -15673.792223 1.835800 0.216911 0.000000 68.304841 0.000000 44924.883531 45192.090858 47 140.003 149.599 
44954.061960 11.20340320369718867255 0.00000000015527017905 -15667.090475 0.896470 0.216911 0.000000 68.303374 0.000000 44924.883531 45192.090858 92 149.667 159.430 
44974.343003 11.20337575136370311668 0.00000000031365440828 -15665.557163 0.802949 0.216911 0.000000 68.301153 0.000000 44924.883531 45192.090858 172 149.400 202.072 
44979.119243 11.20336928688499966711 0.00000000017828879470 -15665.212220 0.446323 0.216911 0.000000 68.300630 0.000000 44924.883531 45192.090858 232 152.176 182.325 
44985.078578 11.20336122116355070943 0.00000000016968762684 -15664.675616 0.477907 0.216911 0.000000 68.299978 0.000000 44924.883531 45192.090858 229 151.728 168.843 
44988.072171 11.20335716956676641587 0.00000000018527172635 -15666.421392 0.760792 0.216911 0.000000 68.299650 0.000000 44924.883531 45192.090858 206 152.927 166.721 
44997.012664 11.20334506885463632386 0.00000000030148455272 -15662.084934 0.549571 0.216911 0.000000 68.298671 0.000000 44924.883531 45192.090858 132 158.226 109.722 
45006.536272 11.20333218212528514357 0.00000000022584596842 -15660.726307 0.778816 0.216911 0.000000 68.297628 0.000000 44924.883531 45192.090858 118 166.332 98.182 
45012.268711 11.20332442623073099242 0.00000000033008748096 -15659.254272 1.441291 0.216911 0.000000 68.297000 0.000000 44924.883531 45192.090858 77 166.022 86.585 
45019.077504 11.20331521330832025285 0.00000000104424598605 -15663.978842 3.420603 0.216911 0.000000 68.296254 0.000000 44924.883531 45192.090858 48 136.826 59.422 
45020.385937 11.20331344286882035988 0.00000000151886637853 -15678.258718 21.744440 0.216911 0.000000 68.296111 0.000000 44924.883531 45192.090858 41 140.017 63.204 
45116.780694 11.20318310414442741774 0.00000000085017607694 -15639.976970 0.281644 0.216911 0.000000 68.285554 0.000000 44924.883531 45192.090858 20 86.571 75.378 
45155.721689 11.20313049448864006763 0.00000000019328290806 -15631.421691 0.527947 0.216911 0.000000 68.281290 0.000000 44924.883531 45192.090858 127 112.523 133.530 
45160.542379 11.20312398390619712529 0.00000000021852415628 -15631.490756 0.509320 0.216911 0.000000 68.280762 0.000000 44924.883531 45192.090858 125 112.072 131.614 
45163.828627 11.20311954540120069623 0.00000000023223858844 -15632.790931 0.516148 0.216911 0.000000 68.280402 0.000000 44924.883531 45192.090858 115 114.811 143.952 
45170.844544 11.20311006976641188260 0.00000000013927363483 -15630.918773 0.428677 0.216911 0.000000 68.279634 0.000000 44924.883531 45192.090858 159 121.123 142.958 
45179.729983 11.20309807216435693533 0.00000000012263447728 -15626.055157 0.383901 0.216911 0.000000 68.278661 0.000000 44924.883531 45192.090858 211 123.883 151.010 
45201.819563 11.20309098488408316996 0.00000000076326391873 -15818.183375 3.022602 0.321005 0.000000 68.264695 0.042491 45191.052047 45550.170976 117 377.758 1213.867 
45207.565964 11.20308314628270451863 0.00000000026933941621 -15748.663623 1.229609 0.316227 0.000000 68.264695 0.042491 45191.052047 45550.170976 124 146.971 182.584 
45215.145517 11.20307284060812769155 0.00000000024269801879 -15726.588316 0.995021 0.309924 0.000000 68.264695 0.042491 45191.052047 45550.170976 128 123.243 123.829 
45226.235675 11.20305778167224985964 0.00000000027741864223 -15711.943661 0.596123 0.300702 0.000000 68.264695 0.042491 45191.052047 45550.170976 674 119.652 142.377 
45230.480771 11.20305202294581903288 0.00000000015388396718 -15703.342484 0.483192 0.297172 0.000000 68.264695 0.042491 45191.052047 45550.170976 1441 126.731 127.844 
45233.624502 11.20304775958095788724 0.00000000006811233418 -15696.076746 0.339963 0.294558 0.000000 68.264695 0.042491 45191.052047 45550.170976 2133 127.230 129.148 
45235.706108 11.20304493655981303846 0.00000000006158806796 -15694.841552 0.261677 0.292827 0.000000 68.264695 0.042491 45191.052047 45550.170976 2168 123.695 129.842 
45238.793428 11.20304075019699041604 0.00000000010139514147 -15693.569918 0.401897 0.290260 0.000000 68.264695 0.042491 45191.052047 45550.170976 1618 125.727 134.529 
45243.455351 11.20303442890250700259 0.00000000013149277867 -15693.467499 0.329988 0.286383 0.000000 68.264695 0.042491 45191.052047 45550.170976 1058 118.476 157.046 
45253.201285 11.20302121648900772755 0.00000000008075267774 -15687.262427 0.419704 0.278279 0.000000 68.264695 0.042491 45191.052047 45550.170976 782 115.875 189.170 
45261.358027 11.20301016324005694003 0.00000000012525256607 -15681.785838 0.324399 0.271496 0.000000 68.264695 0.042491 45191.052047 45550.170976 1148 114.483 163.925 
45265.137690 11.20300504019035869874 0.00000000008453592978 -15686.085543 0.315533 0.268353 0.000000 68.264695 0.042491 45191.052047 45550.170976 1653 113.840 153.806 
45268.085366 11.20300104596083734521 0.00000000006267314660 -15684.831274 0.256059 0.265902 0.000000 68.264695 0.042491 45191.052047 45550.170976 1934 114.183 150.267 
45271.663930 11.20299619663076207132 0.00000000005920546634 -15681.700106 0.254538 0.262926 0.000000 68.264695 0.042491 45191.052047 45550.170976 1987 113.005 146.229 
45275.957871 11.20299037911383699395 0.00000000007142519376 -15681.141125 0.324370 0.259356 0.000000 68.264695 0.042491 45191.052047 45550.170976 1559 114.819 145.531 
45283.280535 11.20298045852012691626 0.00000000006060711207 -15678.575578 0.278918 0.253267 0.000000 68.264695 0.042491 45191.052047 45550.170976 1537 114.409 133.751 
45287.116225 11.20297526264036314103 0.00000000008319428725 -15677.306548 0.433526 0.250077 0.000000 68.264695 0.042491 45191.052047 45550.170976 1309 114.393 131.037 
45294.605534 11.20296511908953007719 0.00000000006402454335 -15675.115552 0.284213 0.243849 0.000000 68.264695 0.042491 45191.052047 45550.170976 1611 113.572 127.042 
45296.726335 11.20296224713405841555 0.00000000007060585585 -15672.643401 0.420347 0.242086 0.000000 68.264695 0.042491 45191.052047 45550.170976 1570 113.035 130.257 
45300.383870 11.20295729466968381871 0.00000000017508498432 -15671.030781 0.890834 0.239044 0.000000 68.264695 0.042491 45191.052047 45550.170976 971 112.442 138.066 
45301.469956 11.20295582365517006451 0.00000000028250087852 -15659.987805 3.223931 0.238141 0.000000 68.264695 0.042491 45191.052047 45550.170976 819 112.594 139.230 
45341.086756 11.20290218190794817588 0.00000000005200484611 -15670.442605 0.212503 0.205198 0.000000 68.264695 0.042491 45191.052047 45550.170976 2616 117.957 122.660 
45345.391203 11.20289635418719598192 0.00000000005413480758 -15668.949349 0.251694 0.201619 0.000000 68.264695 0.042491 45191.052047 45550.170976 2582 116.437 123.139 
45350.035941 11.20289006645708163035 0.00000000005879109415 -15667.201260 0.223661 0.197757 0.000000 68.264695 0.042491 45191.052047 45550.170976 2330 116.672 128.050 
45354.660612 11.20288380627683721968 0.00000000006452497294 -15665.888115 0.257621 0.193911 0.000000 68.264695 0.042491 45191.052047 45550.170976 1856 112.985 132.011 
45362.096498 11.20287374148429293541 0.00000000005321772956 -15666.498235 0.241400 0.187728 0.000000 68.264695 0.042491 45191.052047 45550.170976 1667 108.812 134.019 
45368.137737 11.20286556441222280966 0.00000000006284112858 -15665.906847 0.248982 0.182704 0.000000 68.264695 0.042491 45191.052047 45550.170976 1788 111.439 129.037 
45373.918286 11.20285773997805556235 0.00000000006345579000 -15665.796772 0.241407 0.177897 0.000000 68.264695 0.042491 45191.052047 45550.170976 1630 113.395 125.656 
45379.132740 11.20285068240356807223 0.00000000005060048566 -15665.137819 0.266589 0.173561 0.000000 68.264695 0.042491 45191.052047 45550.170976 1874 116.155 124.623 
45386.012483 11.20284137209340435959 0.00000000006553212703 -15660.882491 0.243538 0.167840 0.000000 68.264695 0.042491 45191.052047 45550.170976 1954 118.154 127.083 
45390.613026 11.20283514694565418779 0.00000000006825730767 -15659.969675 0.358595 0.164015 0.000000 68.264695 0.042491 45191.052047 45550.170976 2138 120.263 143.035 
45392.949997 11.20283198503872945651 0.00000000011475379142 -15659.383136 0.858974 0.162072 0.000000 68.264695 0.042491 45191.052047 45550.170976 1574 119.327 142.810 
45395.430471 11.20282862853953176341 0.00000000026277638510 -15639.576639 3.509718 0.160009 0.000000 68.264695 0.042491 45191.052047 45550.170976 904 119.865 151.338 
45432.924613 11.20277790771014281290 0.00000000006586544178 -15649.815825 0.251579 0.128831 0.000000 68.264695 0.042491 45191.052047 45550.170976 2176 116.810 155.517 
45436.375469 11.20277324111008887542 0.00000000005176690384 -15652.432434 0.224808 0.125961 0.000000 68.264695 0.042491 45191.052047 45550.170976 2654 118.385 152.599 
45439.993936 11.20276834757371631213 0.00000000006071394891 -15653.243784 0.234310 0.122952 0.000000 68.264695 0.042491 45191.052047 45550.170976 2305 117.873 148.923 
45445.187184 11.20276132393025925182 0.00000000005920673322 -15653.599224 0.250831 0.118634 0.000000 68.264695 0.042491 45191.052047 45550.170976 2156 119.323 152.514 
45450.396214 11.20275427896948450268 0.00000000006034380078 -15653.560891 0.311704 0.114303 0.000000 68.264695 0.042491 45191.052047 45550.170976 1843 116.308 151.492 
45456.916993 11.20274545952539035909 0.00000000006789053289 -15654.646479 0.283336 0.108880 0.000000 68.264695 0.042491 45191.052047 45550.170976 1607 112.241 146.882 
45460.340055 11.20274082960919237451 0.00000000006415290031 -15654.316929 0.255360 0.106034 0.000000 68.264695 0.042491 45191.052047 45550.170976 1590 112.223 148.905 
45466.391275 11.20273264525183698481 0.00000000006051153127 -15653.488851 0.278453 0.101002 0.000000 68.264695 0.042491 45191.052047 45550.170976 1498 111.734 145.637 
45474.129631 11.20272218029438882070 0.00000000006268087461 -15651.487687 0.231543 0.094567 0.000000 68.264695 0.042491 45191.052047 45550.170976 2016 113.489 123.170 
45480.772868 11.20271319704348655932 0.00000000004982390823 -15650.552521 0.213528 0.089043 0.000000 68.264695 0.042491 45191.052047 45550.170976 2466 117.090 119.173 
45485.872226 11.20270630153885882407 0.00000000005118799436 -15650.579689 0.226808 0.084803 0.000000 68.264695 0.042491 45191.052047 45550.170976 2667 118.411 112.235 
45490.451039 11.20270010995082010652 0.00000000005191543530 -15650.957501 0.221770 0.080995 0.000000 68.264695 0.042491 45191.052047 45550.170976 2716 118.257 121.530 
45493.514298 11.20269596761676034191 0.00000000006924531305 -15651.412148 0.387739 0.078448 0.000000 68.264695 0.042491 45191.052047 45550.170976 2211 114.348 124.750 
45496.146386 11.20269240835493462782 0.00000000012794999343 -15651.574713 0.968168 0.076259 0.000000 68.264695 0.042491 45191.052047 45550.170976 1451 114.001 128.871 
45498.860940 11.20268873763584238645 0.00000000034261171779 -15654.042541 2.422979 0.074002 0.000000 68.264695 0.042491 45191.052047 45550.170976 706 113.686 151.309 
45502.676542 11.20268357811797521606 0.00000000168478458404 -15648.485914 2.932616 0.070829 0.000000 68.264695 0.042491 45191.052047 45550.170976 83 95.277 110.945 
45530.394547 11.20264610229566493160 0.00000000065416417689 -15649.281770 1.908851 0.047780 0.000000 68.264695 0.042491 45191.052047 45550.170976 20 79.080 75.339 
45531.689789 11.20264435076095566046 0.00000000174604372402 -15650.049167 4.605225 0.046703 0.000000 68.264695 0.042491 45191.052047 45550.170976 20 82.969 83.637 
45538.758384 11.20263479250397153919 0.00000000084106468553 -15650.925084 2.708193 0.040825 0.000000 68.264695 0.042491 45191.052047 45550.170976 127 106.758 113.971 
45539.490473 11.20263380351987159145 0.00000000087613891179 -15644.409622 2.813127 0.040217 0.000000 68.264695 0.042491 45191.052047 45550.170976 136 111.873 131.164 
45432.924613 11.20277790795754491171 0.00000000006580837380 -15649.853253 0.251361 0.068435 0.000000 68.250932 0.000000 45421.352838 45441.354017 2176 116.709 155.247 
45436.375469 11.20277324137334673537 0.00000000005176839376 -15652.406454 0.224814 0.068435 0.000000 68.250554 0.000000 45426.352898 45446.354043 2654 118.388 152.607 
45439.993936 11.20276834784489317087 0.00000000006071730661 -15653.154374 0.234323 0.068435 0.000000 68.250158 0.000000 45431.352953 45451.354139 2305 117.880 148.940 
45445.187184 11.20276132421385995031 0.00000000005918807637 -15653.540052 0.250752 0.068435 0.000000 68.249589 0.000000 45436.353010 45456.354185 2156 119.286 152.418 
45450.396214 11.20275427925715483468 0.00000000006034941639 -15653.532362 0.311733 0.068435 0.000000 68.249019 0.000000 45441.353071 45459.414512 1843 116.319 151.520 
45456.916993 11.20274545982258906918 0.00000000006790736339 -15654.656241 0.283406 0.068435 0.000000 68.248305 0.000000 45446.353097 45466.301164 1607 112.269 146.955 
45460.340055 11.20274082990788500069 0.00000000006415740463 -15654.278836 0.255378 0.068435 0.000000 68.247930 0.000000 45451.353194 45471.354351 1590 112.231 148.926 
45466.391275 11.20273264554878878130 0.00000000006053203767 -15653.506195 0.278548 0.068435 0.000000 68.247267 0.000000 45456.353240 45475.370853 1498 111.772 145.736 
45474.129631 11.20272218058212310154 0.00000000006268814910 -15651.529726 0.231570 0.068435 0.000000 68.246420 0.000000 45463.233979 45483.235151 2016 113.502 123.199 
45480.772868 11.20271319731832448952 0.00000000004982776827 -15650.588966 0.213544 0.068435 0.000000 68.245692 0.000000 45470.267502 45490.269013 2466 117.099 119.192 
45485.872226 11.20270630179893522893 0.00000000005118527749 -15650.617023 0.226796 0.068435 0.000000 68.245134 0.000000 45475.268690 45495.269781 2667 118.405 112.223 
45490.451039 11.20270011019641387406 0.00000000005191579688 -15650.994012 0.221771 0.068435 0.000000 68.244632 0.000000 45480.269719 45500.270980 2716 118.257 121.531 
45493.514298 11.20269596784858379124 0.00000000006924508419 -15651.448162 0.387737 0.068435 0.000000 68.244297 0.000000 45486.211364 45506.186297 2211 114.347 124.750 
45496.146386 11.20269240857559545077 0.00000000012794932652 -15651.613373 0.968163 0.068435 0.000000 68.244009 0.000000 45491.212940 45506.186297 1451 114.000 128.870 
45498.860940 11.20268873784566210361 0.00000000034261405359 -15654.081257 2.422996 0.068435 0.000000 68.243711 0.000000 45496.213382 45511.275884 706 113.687 151.311 
45502.676542 11.20268357831576899741 0.00000000168481626914 -15648.546861 2.932671 0.068435 0.000000 68.243293 0.000000 45501.214013 45520.251369 83 95.278 110.949 
45530.394547 11.20264610234485758156 0.00000000065433141291 -15649.243178 1.909339 0.068435 0.000000 68.240258 0.000000 45511.273884 45537.179658 20 79.101 75.377 
45531.689789 11.20264435080221154806 0.00000000174622703467 -15650.024392 4.605708 0.068435 0.000000 68.240116 0.000000 45517.140049 45537.180726 20 82.978 83.654 
45538.758384 11.20263479248992766202 0.00000000084122203375 -15650.925825 2.708699 0.068435 0.000000 68.239342 0.000000 45524.238471 45544.185926 127 106.778 114.014 
45545.842617 11.20262521703990898914 0.00000000013695608570 -15646.579999 0.685072 0.068435 0.000000 68.238566 0.000000 45537.159596 45557.131232 229 104.485 139.698 
45557.022756 11.20261010462336415117 0.00000000033477395739 -15644.349938 0.978506 0.068435 0.000000 68.237342 0.000000 45542.171092 45562.073115 254 96.554 140.550 
45562.324541 11.20260293849294264135 0.00000000013829744814 -15643.332995 0.538306 0.068435 0.000000 68.236761 0.000000 45547.175365 45567.122810 585 93.745 117.057 
45564.700097 11.20259972759475530779 0.00000000010212679645 -15643.932311 0.423102 0.068435 0.000000 68.236501 0.000000 45553.026947 45573.028175 778 92.381 108.231 
45569.652868 11.20259303381866367033 0.00000000006808055307 -15642.522804 0.244316 0.068435 0.000000 68.235959 0.000000 45558.027161 45578.028461 1180 94.053 103.653 
45573.949560 11.20258722628690861711 0.00000000005222451159 -15644.265677 0.241560 0.068435 0.000000 68.235488 0.000000 45564.007014 45583.079152 1496 89.176 91.424 
45579.176959 11.20258016080870255848 0.00000000005516266160 -15644.505097 0.225663 0.068435 0.000000 68.234916 0.000000 45569.007051 45589.002709 1359 85.123 84.600 
45581.518776 11.20257699536482931535 0.00000000006161708346 -15642.987242 0.259445 0.068435 0.000000 68.234659 0.000000 45574.007369 45593.988627 1270 82.618 79.321 
45589.394021 11.20256635189827321142 0.00000000004278310134 -15642.000681 0.181713 0.068435 0.000000 68.233797 0.000000 45579.007643 45599.007401 1238 76.082 61.471 
45594.439701 11.20255953287143135810 0.00000000005323855853 -15641.902616 0.233932 0.068435 0.000000 68.233244 0.000000 45585.898481 45605.899424 1057 81.428 73.412 
45601.435999 11.20255007773751820821 0.00000000006118431912 -15641.968924 0.310506 0.068435 0.000000 68.232478 0.000000 45590.979020 45610.906091 1098 84.614 81.450 
45602.928165 11.20254806115111634313 0.00000000008355445223 -15641.565406 0.578667 0.068435 0.000000 68.232315 0.000000 45596.868392 45615.989376 919 86.220 87.975 
45612.369864 11.20253530134271358065 0.00000000007731185441 -15642.174355 0.347025 0.068435 0.000000 68.231281 0.000000 45603.849323 45623.845959 761 84.056 97.608 
45621.313307 11.20252321387612681747 0.00000000009542204376 -15643.434085 0.274967 0.068435 0.000000 68.230301 0.000000 45608.849623 45628.851565 654 83.115 96.281 
45628.356201 11.20251369505821514849 0.00000000008022900350 -15642.913521 0.334830 0.068435 0.000000 68.229530 0.000000 45615.975603 45634.935456 1070 87.852 93.696 
45631.188118 11.20250986782760804772 0.00000000006534055438 -15641.682842 0.260931 0.068435 0.000000 68.229220 0.000000 45621.826937 45641.827846 1098 90.578 96.865 
45637.119016 11.20250185287385313870 0.00000000005714420409 -15640.631177 0.268160 0.068435 0.000000 68.228570 0.000000 45626.827205 45645.906869 1301 93.324 87.774 
45639.552659 11.20249856404343091754 0.00000000006847237189 -15642.235699 0.267351 0.068435 0.000000 68.228304 0.000000 45631.827322 45651.826005 1080 94.762 87.088 
45646.256018 11.20248950472003102163 0.00000000008546708833 -15642.807378 0.314406 0.068435 0.000000 68.227569 0.000000 45638.753725 45658.754694 820 91.061 83.062 
45654.864747 11.20247786963816238881 0.00000000005698236784 -15643.628554 0.248026 0.068435 0.000000 68.226627 0.000000 45644.737363 45663.857794 840 88.354 63.063 
45661.671822 11.20246867107925936580 0.00000000010285317337 -15638.683445 0.431540 0.068435 0.000000 68.225881 0.000000 45651.719316 45669.841329 711 93.812 89.206 
45664.052228 11.20246545413145966563 0.00000000010035324146 -15638.320961 0.310000 0.068435 0.000000 68.225621 0.000000 45656.729249 45676.730723 691 93.881 88.266 
45667.243961 11.20246114250651991995 0.00000000016823480611 -15642.196518 0.476511 0.068435 0.000000 68.225271 0.000000 45662.689317 45680.809130 586 92.319 93.403 
45678.268341 11.20244624275802358682 0.00000000016707950862 -15642.828295 0.679344 0.068435 0.000000 68.224064 0.000000 45669.676785 45689.669909 202 92.529 135.913 
45686.703773 11.20243484258772070916 0.00000000011851525177 -15640.462784 0.513422 0.068435 0.000000 68.223140 0.000000 45675.652856 45695.653523 267 86.356 119.836 
45693.041071 11.20242627989893691165 0.00000000016388656759 -15636.956014 0.604452 0.068435 0.000000 68.222446 0.000000 45680.656434 45699.757985 313 101.255 164.472 
45696.315982 11.20242185290361724981 0.00000000014098831478 -15642.333263 0.577000 0.068435 0.000000 68.222087 0.000000 45685.666008 45705.627210 390 113.703 207.870 
45699.290063 11.20241783369157140271 0.00000000014917538001 -15642.515040 0.635984 0.068435 0.000000 68.221762 0.000000 45690.697221 45710.584726 374 113.664 207.879 
45703.085956 11.20241270375989905972 0.00000000020645322193 -15638.677648 0.703135 0.068435 0.000000 68.221346 0.000000 45695.697458 45715.697131 295 120.566 235.770 
45708.798722 11.20240498558909614246 0.00000000015559774949 -15637.466681 0.600368 0.068435 0.000000 68.220720 0.000000 45701.588075 45721.589947 233 90.692 134.815 
45716.421343 11.20239468748895994565 0.00000000014033022807 -15635.866384 0.597110 0.068435 0.000000 68.219885 0.000000 45706.636374 45726.613691 157 79.821 106.798 
45722.418353 11.20238658674974097096 0.00000000013037929486 -15633.850837 0.570744 0.068435 0.000000 68.219229 0.000000 45711.717805 45731.668413 156 73.854 91.147 
45725.538873 11.20238237181819762611 0.00000000017222917135 -15634.387516 1.061889 0.068435 0.000000 68.218887 0.000000 45717.607408 45732.651798 127 72.058 87.428 
45737.272353 11.20236651875921651822 0.00000000021258632607 -15637.556436 0.675615 0.068435 0.000000 68.217602 0.000000 45722.633290 45742.594125 251 87.011 106.640 
45739.114404 11.20236403018277293597 0.00000000034083595697 -15636.016475 1.268559 0.068435 0.000000 68.217400 0.000000 45728.599819 45747.612740 225 90.483 113.106 
45741.866033 11.20236031481793581577 0.00000000088093266632 -15640.530581 1.695520 0.068435 0.000000 68.217099 0.000000 45739.483128 45758.586952 183 91.635 110.923 
45777.959685 11.20231155369378406306 0.00000000010000749032 -15634.211023 0.197629 0.068435 0.000000 68.213146 0.000000 45746.529143 45813.358908 20 79.089 107.210 
45795.052574 11.20228846575625958337 0.00000000020286799907 -15632.803380 0.203440 0.068435 0.000000 68.211274 0.000000 45753.440662 45817.289327 20 74.767 90.819 
45810.772111 11.20226723536173274454 0.00000000021003446533 -15631.338029 0.132850 0.068435 0.000000 68.209553 0.000000 45758.584952 45833.336770 20 85.422 108.878 
45814.512439 11.20226218395515971338 0.00000000022041921065 -15630.873868 0.217276 0.068435 0.000000 68.209143 0.000000 45764.580487 45833.393497 20 84.356 104.981 
45817.994343 11.20225748167769097563 0.00000000022645433120 -15630.549164 0.254812 0.068435 0.000000 68.208762 0.000000 45785.514471 45834.220584 20 81.505 102.531 
45820.429710 11.20225419260952293143 0.00000000027620148504 -15628.895692 0.892280 0.068435 0.000000 68.208495 0.000000 45805.395793 45834.223805 20 78.983 93.832 
45823.109602 11.20225057402414847729 0.00000000029321356125 -15630.358231 2.050059 0.068435 0.000000 68.208202 0.000000 45812.429018 45834.227014 20 80.465 91.811 
45843.099816 11.20222358063016798724 0.00000000007998112158 -15631.909713 0.396826 0.068435 0.000000 68.206012 0.000000 45831.396931 45851.343239 600 75.124 81.561 
45848.343942 11.20221649894295445904 0.00000000008767193080 -15628.518575 0.429593 0.068435 0.000000 68.205438 0.000000 45837.217931 45857.219897 678 79.484 89.720 
45851.436433 11.20221232285470236434 0.00000000008454563811 -15630.196587 0.342816 0.068435 0.000000 68.205099 0.000000 45843.194018 45862.314325 689 83.056 100.921 
45855.591538 11.20220671179713356480 0.00000000009384363180 -15632.441667 0.335918 0.068435 0.000000 68.204644 0.000000 45848.194291 45868.191102 598 85.892 108.282 
45866.932674 11.20219139552605192023 0.00000000010691414494 -15630.176573 0.358917 0.068435 0.000000 68.203402 0.000000 45853.275671 45873.276740 738 95.488 132.769 
45872.530968 11.20218383511105386674 0.00000000011221702475 -15630.310595 0.312942 0.068435 0.000000 68.202789 0.000000 45858.277250 45878.269357 1168 101.791 137.782 
45875.669070 11.20217959768110915775 0.00000000007983511888 -15629.442822 0.314017 0.068435 0.000000 68.202446 0.000000 45863.277600 45882.257577 1573 102.721 134.712 
45878.083223 11.20217633760521103170 0.00000000006414423736 -15629.183679 0.288937 0.068435 0.000000 68.202181 0.000000 45868.279827 45888.232224 1795 104.186 131.779 
45881.804984 11.20217131206599781024 0.00000000006938340854 -15627.633784 0.305093 0.068435 0.000000 68.201774 0.000000 45873.280091 45892.229933 1637 105.891 122.754 
45887.367234 11.20216380179714121823 0.00000000006257762361 -15626.904325 0.260525 0.068435 0.000000 68.201164 0.000000 45879.093576 45899.095171 1403 105.052 113.187 
45893.988748 11.20215486191458253984 0.00000000006001712722 -15626.258597 0.284108 0.068435 0.000000 68.200439 0.000000 45884.093854 45904.095630 1299 105.392 114.542 
45900.428051 11.20214616740947377593 0.00000000006330404691 -15627.489870 0.263158 0.068435 0.000000 68.199734 0.000000 45889.094018 45909.095047 1561 104.902 118.901 
45905.568232 11.20213922737103295901 0.00000000005914421325 -15626.649038 0.239432 0.068435 0.000000 68.199171 0.000000 45894.094373 45914.095312 1873 104.772 128.823 
45909.858299 11.20213343526543781081 0.00000000005090234218 -15625.969118 0.210548 0.068435 0.000000 68.198701 0.000000 45899.095307 45919.096618 2216 103.699 130.038 
45914.451464 11.20212723417630229505 0.00000000004793074162 -15626.783771 0.206176 0.068435 0.000000 68.198198 0.000000 45904.095766 45924.096885 2502 105.980 130.749 
45919.360135 11.20212060698159994843 0.00000000004806312332 -15625.676274 0.214164 0.068435 0.000000 68.197661 0.000000 45909.096259 45929.097592 2554 107.762 134.053 
45923.871281 11.20211451661797674717 0.00000000004873545676 -15625.544576 0.212253 0.068435 0.000000 68.197167 0.000000 45914.096523 45934.096473 2470 108.397 138.071 
45928.545363 11.20210820638077642286 0.00000000005163761417 -15626.481224 0.230962 0.068435 0.000000 68.196655 0.000000 45919.096759 45939.098217 2348 107.679 138.818 
45932.819409 11.20210243604382505112 0.00000000005652407679 -15625.834112 0.231081 0.068435 0.000000 68.196187 0.000000 45924.097026 45944.088254 1976 100.575 130.212 
45936.558113 11.20209738853066916420 0.00000000007625510934 -15624.949118 0.292032 0.068435 0.000000 68.195777 0.000000 45929.097733 45949.068912 1437 96.200 128.200 
45939.676303 11.20209317885231037337 0.00000000011908117960 -15624.332531 0.425462 0.068435 0.000000 68.195436 0.000000 45934.098763 45953.063325 931 90.640 118.276 
45943.525273 11.20208798306265940425 0.00000000019891035167 -15624.990021 0.701014 0.068435 0.000000 68.195014 0.000000 45939.099422 45957.034260 431 81.755 104.284 
45949.488507 11.20207993273916891042 0.00000000031472794908 -15626.259045 0.769512 0.068435 0.000000 68.194361 0.000000 45944.914433 45964.898147 149 86.091 123.136 
45961.965236 11.20206308828666763588 0.00000000028594487326 -15625.618673 0.963951 0.068435 0.000000 68.192995 0.000000 45950.023734 45969.006878 110 78.729 100.025 
45965.808110 11.20205790082146179998 0.00000000027577112617 -15623.059901 0.895577 0.068435 0.000000 68.192574 0.000000 45955.053659 45975.004580 98 83.290 108.587 
45974.747857 11.20204583436900591664 0.00000000021089803115 -15622.582666 0.710641 0.068435 0.000000 68.191595 0.000000 45960.895320 45980.863015 311 88.952 107.557 
45978.295347 11.20204104552115254023 0.00000000014578424056 -15623.647622 0.424693 0.068435 0.000000 68.191207 0.000000 45965.904099 45985.903000 364 91.979 117.685 
45981.530837 11.20203667818142179158 0.00000000014288942385 -15622.048840 0.510575 0.068435 0.000000 68.190852 0.000000 45974.001530 45993.930066 411 92.589 118.180 
45991.343779 11.20202343267040312469 0.00000000011004401256 -15623.676084 0.528260 0.068435 0.000000 68.189778 0.000000 45979.829562 45999.829441 374 100.330 146.887 
45997.926795 11.20201454679254204905 0.00000000015074095553 -15623.062580 0.419893 0.068435 0.000000 68.189057 0.000000 45984.833082 46004.833373 582 98.325 134.091 
46001.702673 11.20200945076547682788 0.00000000010257767373 -15620.441460 0.419193 0.068435 0.000000 68.188643 0.000000 45990.787791 46009.905590 720 96.363 128.933 
46005.172828 11.20200476736152239710 0.00000000007331896919 -15620.164222 0.321224 0.068435 0.000000 68.188263 0.000000 45995.790307 46015.737537 891 95.808 128.616 
46008.867049 11.20199978186040468131 0.00000000008085985558 -15619.008249 0.455527 0.068435 0.000000 68.187859 0.000000 46000.793694 46016.888947 783 94.676 125.564 
46012.417725 11.20199499046620239540 0.00000000015358852270 -15615.960610 0.803608 0.068435 0.000000 68.187470 0.000000 46005.797178 46025.699560 499 93.171 124.040 
46014.641768 11.20199198976628984781 0.00000000031164582532 -15618.027839 0.946979 0.068435 0.000000 68.187226 0.000000 46010.802684 46027.756156 347 95.290 128.600 
46017.083986 11.20198869743004443933 0.00000000192294073293 -15625.808854 4.810281 0.068435 0.000000 68.186959 0.000000 46015.810445 46027.756156 123 95.199 130.834 
46037.384167 11.20196129700580378596 0.00000000183293817698 -15617.345714 5.152786 0.068435 0.000000 68.184735 0.000000 46024.783732 46041.712513 28 128.101 162.096 
46045.644201 11.20195015089848489254 0.00000000050531507742 -15616.179941 1.240591 0.068435 0.000000 68.183831 0.000000 46039.655044 46059.602445 43 108.599 148.461 
46061.805811 11.20192834289770900114 0.00000000079352738730 -15618.622706 1.479117 0.068435 0.000000 68.182061 0.000000 46046.750216 46066.588675 219 95.985 122.670 
46066.105892 11.20192254146983046326 0.00000000025064786732 -15614.921009 1.071844 0.068435 0.000000 68.181590 0.000000 46057.767530 46076.559243 297 95.349 120.505 
46072.768352 11.20191355301375324416 0.00000000009661910452 -15614.515703 0.452227 0.068435 0.000000 68.180860 0.000000 46063.593791 46083.589371 290 94.285 123.233 
46081.393275 11.20190191687630232309 0.00000000014822514299 -15615.435942 0.489455 0.068435 0.000000 68.179916 0.000000 46068.641014 46088.642089 383 96.402 134.531 
46085.661649 11.20189615763990786945 0.00000000011666495116 -15616.509822 0.390590 0.068435 0.000000 68.179448 0.000000 46073.642472 46093.643161 511 95.063 127.439 
46089.756542 11.20189063231862469650 0.00000000008925400430 -15617.312010 0.442757 0.068435 0.000000 68.179000 0.000000 46079.551197 46098.659352 666 97.179 131.489 
46094.288384 11.20188451769209869724 0.00000000008488951504 -15616.563323 0.347917 0.068435 0.000000 68.178504 0.000000 46084.551468 46104.552371 641 96.378 130.246 
46099.027990 11.20187812296455120986 0.00000000008487347301 -15615.512213 0.389596 0.068435 0.000000 68.177985 0.000000 46089.553864 46109.553709 632 94.448 126.888 
46104.396942 11.20187087988515983739 0.00000000008178093523 -15612.708452 0.359600 0.068435 0.000000 68.177397 0.000000 46094.575517 46114.537930 660 99.125 144.817 
46109.358729 11.20186418677842254965 0.00000000010180873130 -15611.308615 0.443528 0.068435 0.000000 68.176853 0.000000 46101.484711 46121.453469 563 96.900 142.452 
46116.485107 11.20185457430687314684 0.00000000009482021517 -15612.582740 0.445497 0.068435 0.000000 68.176073 0.000000 46106.494598 46126.496562 535 101.937 149.946 
46120.223297 11.20184953158790541750 0.00000000009929407172 -15613.507052 0.453934 0.068435 0.000000 68.175663 0.000000 46111.498070 46131.496858 481 99.845 142.066 
46127.949719 11.20183910873376476047 0.00000000008592782394 -15613.178058 0.397888 0.068435 0.000000 68.174817 0.000000 46117.465646 46137.454794 509 94.474 121.428 
46134.096157 11.20183081720116113900 0.00000000009772744744 -15613.189444 0.368505 0.068435 0.000000 68.174144 0.000000 46122.465908 46142.461283 759 92.913 112.938 
46138.275660 11.20182517952482115220 0.00000000011209304131 -15611.876305 0.404662 0.068435 0.000000 68.173686 0.000000 46127.472472 46147.473527 620 87.403 102.263 
46142.018871 11.20182013070266435761 0.00000000008309362723 -15611.293124 0.397124 0.068435 0.000000 68.173277 0.000000 46132.506022 46152.495874 802 89.843 108.941 
46146.319250 11.20181433012278127137 0.00000000006897482340 -15612.580031 0.376101 0.068435 0.000000 68.172806 0.000000 46137.539500 46156.500341 807 92.848 119.487 
46153.106360 11.20180517464808289674 0.00000000012525357408 -15614.836436 0.603897 0.068435 0.000000 68.172062 0.000000 46142.540455 46162.486783 575 93.488 124.616 
46156.722377 11.20180029674720145749 0.00000000008529996855 -15611.869162 0.313162 0.068435 0.000000 68.171666 0.000000 46148.358553 46168.356247 640 90.939 115.818 
46163.179818 11.20179158680970310513 0.00000000007571024122 -15610.182076 0.396064 0.068435 0.000000 68.170959 0.000000 46153.358798 46173.325407 611 85.692 102.188 
46167.868902 11.20178526272423802368 0.00000000011290705600 -15610.319363 0.425046 0.068435 0.000000 68.170446 0.000000 46159.337074 46179.309094 493 91.843 116.808 
46175.051724 11.20177557388645439573 0.00000000008457867313 -15613.763246 0.407941 0.068435 0.000000 68.169659 0.000000 46167.305606 46187.288322 585 88.153 113.951 
46182.443526 11.20176560298869361532 0.00000000019583114280 -15607.472001 0.753833 0.068435 0.000000 68.168849 0.000000 46172.331460 46192.298113 289 95.496 142.136 
46184.495448 11.20176283577615450326 0.00000000022018254324 -15608.258280 0.741017 0.068435 0.000000 68.168625 0.000000 46177.357484 46197.229988 252 83.737 109.177 
46186.872427 11.20175963039420352629 0.00000000038388288455 -15609.838534 0.911273 0.068435 0.000000 68.168364 0.000000 46182.370634 46200.380966 203 82.466 107.108 
46198.307185 11.20174420874177023677 0.00000000026387712309 -15608.665598 1.172854 0.068435 0.000000 68.167112 0.000000 46187.389078 46207.306515 61 90.641 135.451 
46207.548024 11.20173174728921594578 0.00000000026906716260 -15607.712164 0.811040 0.068435 0.000000 68.166100 0.000000 46192.404015 46212.353866 139 80.364 107.093 
46213.834375 11.20172326928733674833 0.00000000018073582230 -15608.546214 0.470264 0.068435 0.000000 68.165412 0.000000 46198.380135 46218.334304 336 84.331 110.177 
46218.682504 11.20171673123212841006 0.00000000014538703806 -15608.604059 0.449986 0.068435 0.000000 68.164881 0.000000 46204.264535 46223.323851 786 92.400 122.474 
46222.698075 11.20171131604617009714 0.00000000008044232258 -15607.750271 0.276052 0.068435 0.000000 68.164441 0.000000 46209.280844 46229.281781 1269 95.076 111.006 
46226.096515 11.20170673343606004835 0.00000000005913597109 -15606.957728 0.268814 0.068435 0.000000 68.164069 0.000000 46215.177785 46235.179774 1765 99.549 116.452 
46230.276983 11.20170109666273816629 0.00000000005034050195 -15605.517380 0.211964 0.068435 0.000000 68.163611 0.000000 46220.178048 46240.179885 2006 102.369 121.767 
46234.431930 11.20169549430619682084 0.00000000005662142986 -15606.978115 0.212031 0.068435 0.000000 68.163156 0.000000 46226.146926 46246.148679 1986 101.683 114.906 
46240.824343 11.20168687484836311796 0.00000000005848487846 -15606.510168 0.268388 0.068435 0.000000 68.162456 0.000000 46231.148016 46251.128342 1788 117.041 157.561 
46244.377393 11.20168208403164555875 0.00000000008857407002 -15605.083745 0.437711 0.068435 0.000000 68.162067 0.000000 46236.149279 46256.068754 1415 134.912 206.047 
46247.614326 11.20167771959756208844 0.00000000017739006395 -15604.443009 0.810293 0.068435 0.000000 68.161712 0.000000 46241.157092 46257.220167 979 149.932 237.535 
46270.021916 11.20166527243989840201 0.00000000067968200983 -15728.091185 2.699881 0.176039 0.000000 68.333761 0.042491 46260.051574 46275.177329 121 186.889 544.353 
46274.445117 11.20165926920430266023 0.00000000045981528541 -15703.790571 1.519397 0.176039 0.000000 68.335882 0.042491 46265.051831 46285.053710 135 178.286 461.813 
46282.282040 11.20164863795823606551 0.00000000027799665250 -15696.606981 1.005706 0.176039 0.000000 68.339641 0.042491 46270.059531 46290.059301 260 118.552 173.985 
46285.910370 11.20164371743276454652 0.00000000046718792982 -15697.657184 1.256763 0.176039 0.000000 68.341381 0.042491 46275.085527 46291.132372 212 125.427 185.279 
46294.884661 11.20163155250901354520 0.00000000008649112749 -15686.429230 0.490710 0.176039 0.000000 68.345684 0.042491 46285.019658 46305.012938 488 96.011 82.569 
46302.261795 11.20162155405513004780 0.00000000013685526508 -15686.512427 0.496750 0.176039 0.000000 68.349222 0.042491 46290.056233 46309.942718 457 93.660 87.915 
46304.293569 11.20161880049877822785 0.00000000016052535293 -15684.887581 0.345783 0.176039 0.000000 68.350196 0.042491 46299.001736 46318.063204 493 94.725 93.018 
46309.717977 11.20161144938962216600 0.00000000036569680191 -15682.681459 1.584335 0.176039 0.000000 68.352798 0.042491 46304.035247 46318.063204 209 83.700 103.943 
46323.794585 11.20159237953649444819 0.00000000023681562077 -15678.173281 0.698348 0.176039 0.000000 68.359548 0.042491 46309.068332 46329.015799 201 92.735 128.641 
46329.629238 11.20158447605087381760 0.00000000012938410891 -15677.707899 0.374666 0.176039 0.000000 68.362346 0.042491 46317.892161 46337.888719 439 88.625 119.055 
46334.793318 11.20157748005840936401 0.00000000010031083756 -15680.321115 0.461546 0.176039 0.000000 68.364823 0.042491 46326.871866 46345.977177 566 101.616 144.507 
46338.601065 11.20157232141681191706 0.00000000017779558299 -15678.229956 1.392733 0.176039 0.000000 68.366649 0.042491 46331.872120 46345.977177 349 109.457 158.459 
46343.700154 11.20156541699468100148 0.00000000025268986471 -15664.679883 0.890485 0.176039 0.000000 68.369094 0.042491 46336.926805 46352.967664 233 112.309 159.040 
46346.783978 11.20156124460235247398 0.00000000029074389085 -15673.164112 0.692348 0.176039 0.000000 68.370573 0.042491 46342.823903 46360.939417 218 104.256 133.495 
46364.252371 11.20153759211633648363 0.00000000015548792346 -15671.060958 0.477276 0.176039 0.000000 68.378950 0.042491 46352.800885 46372.787876 215 80.592 105.515 
46371.550759 11.20152770993314739201 0.00000000009474255208 -15671.632423 0.414243 0.176039 0.000000 68.382450 0.042491 46360.775830 46380.776755 338 79.763 103.595 
46378.113844 11.20151882385165187372 0.00000000009438631623 -15670.166753 0.355247 0.176039 0.000000 68.385597 0.042491 46365.838171 46384.881385 455 79.247 93.588 
46382.420019 11.20151299383639731388 0.00000000011621731603 -15668.804709 0.522187 0.176039 0.000000 68.387662 0.042491 46371.756512 46387.873227 475 77.294 84.084 
46386.432332 11.20150756212483855734 0.00000000008517220494 -15668.498189 0.357164 0.176039 0.000000 68.389586 0.042491 46376.786729 46393.856858 562 80.833 80.758 
46388.481706 11.20150478788128545204 0.00000000013835783072 -15668.972983 1.064647 0.176039 0.000000 68.390569 0.042491 46382.722183 46393.856858 444 84.108 80.814 
46407.758943 11.20147869793411743444 0.00000000036276862205 -15662.105584 0.844214 0.176039 0.000000 68.399814 0.042491 46393.684676 46412.804646 770 128.333 97.067 
46413.131417 11.20147142875864609834 0.00000000024036244326 -15660.458226 2.728168 0.176039 0.000000 68.402390 0.042491 46409.640993 46416.793927 1082 129.569 100.540 
46421.700302 11.20145983405724798843 0.00000000030617577488 -15659.836477 1.117021 0.176039 0.000000 68.406499 0.042491 46414.641251 46434.642962 671 119.022 100.765 
46442.518516 11.20143166602909268192 0.00000000005475559597 -15658.205180 0.261533 0.176039 0.000000 68.416483 0.042491 46433.575377 46453.577207 2036 117.460 117.535 
46448.178904 11.20142400818768457782 0.00000000006342732896 -15658.751315 0.258105 0.176039 0.000000 68.419197 0.042491 46438.575610 46458.577460 1844 119.852 126.466 
46451.728445 11.20141920620369901940 0.00000000009461771512 -15658.536597 0.380262 0.176039 0.000000 68.420899 0.042491 46443.576900 46461.668518 1456 117.027 136.280 
46454.241171 11.20141580698391514659 0.00000000014429641040 -15658.668844 0.481544 0.176039 0.000000 68.422104 0.042491 46449.532769 46469.510043 1070 113.767 142.634 
46460.048733 11.20140794989632482270 0.00000000020338068599 -15656.174776 0.480646 0.176039 0.000000 68.424889 0.042491 46454.532981 46474.520960 530 111.881 143.561 
46469.367344 11.20139534405330294931 0.00000000018867339208 -15657.990873 0.961696 0.176039 0.000000 68.429358 0.042491 46459.539635 46476.613737 215 96.716 148.113 
46473.444290 11.20138982867859844816 0.00000000024151408983 -15658.437234 0.855328 0.176039 0.000000 68.431313 0.042491 46464.578304 46482.540783 171 97.057 151.564 
46480.341560 11.20138049940907265523 0.00000000012511388878 -15653.539395 0.786738 0.176039 0.000000 68.434621 0.042491 46470.479708 46490.473970 245 99.995 153.542 
46485.338738 11.20137374151759779295 0.00000000034660014091 -15651.936069 1.392240 0.176039 0.000000 68.437017 0.042491 46475.495953 46495.481771 147 94.040 134.387 
46488.085661 11.20137002666855430277 0.00000000048995091473 -15652.589038 1.852743 0.176039 0.000000 68.438334 0.042491 46480.531389 46497.435695 115 98.470 144.235 
46489.239676 11.20136846478616732270 0.00000000124678565925 -15652.670295 2.063213 0.176039 0.000000 68.438888 0.042491 46487.431157 46506.432680 101 101.196 149.518 
46513.921433 11.20133509144069350327 0.00000000123453782606 -15642.814136 2.172319 0.176039 0.000000 68.450724 0.042491 46495.479771 46515.481712 74 127.605 242.921 
46521.084781 11.20132540224537365248 0.00000000031363454092 -15643.977092 1.275105 0.176039 0.000000 68.454159 0.042491 46506.430680 46526.432153 290 174.253 371.560 
46524.747826 11.20132044775781032797 0.00000000022573382780 -15647.961171 0.873937 0.176039 0.000000 68.455916 0.042491 46512.446275 46532.444921 541 176.086 341.043 
46528.230702 11.20131573881629627465 0.00000000018650311073 -15651.402249 0.725994 0.176039 0.000000 68.457586 0.042491 46517.451806 46537.418749 539 165.283 304.595 
46529.093942 11.20131457155163978712 0.00000000031561228498 -15650.225661 1.154967 0.176039 0.000000 68.458000 0.042491 46522.451996 46542.404865 499 169.184 308.862 
46534.132437 11.20130775959306568268 0.00000000024174148656 -15647.630090 0.683575 0.176039 0.000000 68.460416 0.042491 46527.452201 46547.395343 232 107.857 178.717 
46540.093763 11.20129969981222295417 0.00000000027031532494 -15646.080150 1.274236 0.176039 0.000000 68.463275 0.042491 46533.279204 46552.377560 150 118.039 205.908 
46548.016755 11.20128898816723861387 0.00000000057867276727 -15647.734331 1.833670 0.176039 0.000000 68.467075 0.042491 46541.284022 46559.347781 63 120.740 194.320 
46551.821207 11.20128384320632264348 0.00000000076500885020 -15647.757890 2.502802 0.176039 0.000000 68.468899 0.042491 46546.284228 46563.361418 51 132.336 218.209 
47903.621107 11.19947960743706261155 0.00000000001193312250 -15634.444267 0.052019 0.315693 0.000000 68.285786 0.042491 47894.299285 47914.300621 14530 65.120 6.355 
47908.866844 11.19947252150288008465 0.00000000001358324352 -15634.770769 0.069621 0.315693 0.000000 68.285786 0.042491 47899.300224 47919.301554 11947 60.638 6.066 
47915.387581 11.19946371406014939964 0.00000000001119996445 -15631.749637 0.045828 0.315693 0.000000 68.285786 0.042491 47904.301175 47924.302466 13410 57.049 5.652 
47919.671419 11.19945792847898680122 0.00000000000945299149 -15630.487677 0.045548 0.315693 0.000000 68.285786 0.042491 47909.301697 47929.303424 16799 57.394 6.156 
47924.477936 11.19945143736244119737 0.00000000001161782143 -15630.603229 0.047627 0.315693 0.000000 68.285786 0.042491 47914.302987 47934.304402 15558 57.322 6.479 
47928.589804 11.19944588438857380197 0.00000000001007519092 -15630.616313 0.042441 0.315693 0.000000 68.285786 0.042491 47919.303917 47939.305763 17201 56.142 6.458 
47934.330312 11.19943813259441789398 0.00000000000875940190 -15628.542299 0.041846 0.315693 0.000000 68.285786 0.042491 47924.304832 47944.306305 17136 54.493 6.543 
47940.445761 11.19942987502946962763 0.00000000000833489062 -15627.664827 0.036756 0.315693 0.000000 68.285786 0.042491 47929.305792 47949.177316 17678 49.410 6.039 
47944.258952 11.19942472622590301512 0.00000000000853720833 -15628.475761 0.039778 0.315693 0.000000 68.285786 0.042491 47934.306772 47954.307936 17792 46.282 5.856 
47949.077152 11.19941822042502721501 0.00000000000755927837 -15627.535130 0.032334 0.315693 0.000000 68.285786 0.042491 47939.308143 47959.309185 18723 44.056 5.824 
47954.342489 11.19941111108927245255 0.00000000000723610969 -15627.264999 0.033632 0.315693 0.000000 68.285786 0.042491 47944.308674 47964.310139 18797 43.752 6.092 
47960.286349 11.19940308600345346690 0.00000000000775807131 -15626.546277 0.032993 0.315693 0.000000 68.285786 0.042491 47950.146346 47970.147779 19002 45.021 5.981 
47965.046465 11.19939665961269170680 0.00000000000794714936 -15624.536593 0.034607 0.315693 0.000000 68.285786 0.042491 47955.147306 47975.148724 19799 47.998 5.942 
47970.043990 11.19938991361061830787 0.00000000000821778144 -15622.558955 0.036468 0.315693 0.000000 68.285786 0.042491 47960.148262 47980.149675 19845 50.983 5.751 
47974.826807 11.19938345806579960140 0.00000000000889824285 -15620.960861 0.039600 0.315693 0.000000 68.285786 0.042491 47965.149269 47985.150071 19139 55.150 5.740 
47979.990958 11.19937648830565812830 0.00000000000908749951 -15620.393904 0.041726 0.315693 0.000000 68.285786 0.042491 47970.150153 47990.151509 19122 58.117 5.906 
47985.125522 11.19936955923545696123 0.00000000000968324871 -15618.106311 0.043568 0.315693 0.000000 68.285786 0.042491 47975.151098 47995.085333 18944 60.251 6.246 
47990.190943 11.19936272481039551963 0.00000000001036818336 -15614.122183 0.046441 0.315693 0.000000 68.285786 0.042491 47980.152049 48000.153988 18277 60.298 6.313 
47995.074315 11.19935613722424960770 0.00000000000966873834 -15612.439642 0.043825 0.315693 0.000000 68.285786 0.042491 47985.152457 48005.153963 18975 59.723 6.167 
48000.170678 11.19934926311500866802 0.00000000000969573685 -15610.717558 0.043076 0.315693 0.000000 68.285786 0.042491 47990.153877 48010.155506 18742 59.211 6.040 
48005.355333 11.19934227059872000609 0.00000000000927596513 -15608.916571 0.041051 0.315693 0.000000 68.285786 0.042491 47995.557471 48015.558955 18748 56.618 5.629 
48010.075485 11.19933590509267595792 0.00000000000943779094 -15608.312704 0.040272 0.315693 0.000000 68.285786 0.042491 48000.558047 48020.559833 17714 54.466 5.514 
48015.665661 11.19932836657703845162 0.00000000000844993313 -15607.590663 0.038389 0.315693 0.000000 68.285786 0.042491 48005.559446 48025.560976 17713 51.153 5.411 
48021.053969 11.19932110061830954351 0.00000000000866054187 -15606.742596 0.038150 0.315693 0.000000 68.285786 0.042491 48010.559591 48030.561447 17885 50.708 5.767 
48026.015591 11.19931441063109822665 0.00000000000882448023 -15605.309767 0.037843 0.315693 0.000000 68.285786 0.042491 48015.559877 48035.561462 18361 50.505 5.854 
48030.130806 11.19930886226979360742 0.00000000000904047619 -15604.057963 0.039235 0.315693 0.000000 68.285786 0.042491 48020.560754 48040.561654 18257 51.232 5.792 
48034.810510 11.19930255341208891195 0.00000000000988076918 -15603.054481 0.041577 0.315693 0.000000 68.285786 0.042491 48025.561895 48045.562523 16467 53.168 5.655 
48040.014748 11.19929553768844066042 0.00000000000993058040 -15602.198474 0.048448 0.315693 0.000000 68.285786 0.042491 48030.562365 48050.000285 15178 55.096 5.247 
48039.549644 11.19929616483102563507 0.00000000000934979401 -15602.283552 0.043525 0.093110 0.000000 68.285786 0.042491 48029.999850 48050.001737 15944 54.865 5.284 
48045.573362 11.19928804454523252332 0.00000000001025893840 -15602.685422 0.043633 0.093110 0.000000 68.285786 0.042491 48035.000804 48055.001707 16149 58.360 5.020 
48050.763970 11.19928104730462159466 0.00000000001129402049 -15602.136573 0.046755 0.093110 0.000000 68.285786 0.042491 48040.002144 48060.003953 17336 61.897 4.987 
48054.968315 11.19927537979314635663 0.00000000001066851236 -15601.754065 0.046164 0.093110 0.000000 68.285786 0.042491 48045.002373 48065.003593 18667 64.021 5.060 
48059.877944 11.19926876168202767303 0.00000000001006818554 -15601.640348 0.045849 0.093110 0.000000 68.285786 0.042491 48050.002655 48070.003936 19260 64.518 5.088 
48065.008654 11.19926184565274596139 0.00000000000983616569 -15601.426673 0.044613 0.093110 0.000000 68.285786 0.042491 48055.004090 48075.004657 19284 62.511 5.070 
48070.013714 11.19925509910541805425 0.00000000000984440316 -15600.913138 0.043136 0.093110 0.000000 68.285786 0.042491 48060.004871 48079.920441 19071 58.668 5.149 
48074.652666 11.19924884618703764261 0.00000000000967731227 -15600.914262 0.041298 0.093110 0.000000 68.285786 0.042491 48065.005979 48085.007850 18736 55.704 5.338 
48079.896681 11.19924177772922924134 0.00000000000901574938 -15600.755450 0.040380 0.093110 0.000000 68.285786 0.042491 48070.006307 48090.006925 18587 53.887 5.433 
48085.227643 11.19923459231041640294 0.00000000000906020890 -15600.030669 0.039695 0.093110 0.000000 68.285786 0.042491 48075.007045 48095.007848 18579 53.481 5.416 
48090.268138 11.19922779853607330836 0.00000000000994007807 -15599.723074 0.045329 0.093110 0.000000 68.285786 0.042491 48080.788643 48100.790008 18565 55.757 5.400 
48095.438288 11.19922083020743031057 0.00000000000936326839 -15599.547381 0.041648 0.093110 0.000000 68.285786 0.042491 48085.789991 48105.790937 18828 58.076 5.198 
48100.553652 11.19921393558976063787 0.00000000000945121586 -15599.854587 0.043691 0.093110 0.000000 68.285786 0.042491 48090.790971 48110.792513 18389 60.354 5.216 
48105.935441 11.19920668176638756108 0.00000000000988256723 -15600.583791 0.043832 0.093110 0.000000 68.285786 0.042491 48095.791443 48115.792865 18387 60.559 5.153 
48110.717134 11.19920023661559405070 0.00000000000954596878 -15600.299305 0.042172 0.093110 0.000000 68.285786 0.042491 48100.792375 48120.794215 19163 59.086 5.132 
48115.240773 11.19919413931700802323 0.00000000001059551078 -15600.407095 0.047367 0.093110 0.000000 68.285786 0.042491 48105.793303 48125.794731 17810 58.588 5.284 
48120.467234 11.19918709558621472411 0.00000000001027755078 -15596.964274 0.045737 0.093110 0.000000 68.285786 0.042491 48110.793430 48130.794196 18232 62.535 6.278 
48125.882960 11.19917979815517838915 0.00000000001032857925 -15593.357873 0.047447 0.093110 0.000000 68.285786 0.042491 48115.793783 48135.795118 18205 62.195 6.135 
48131.171287 11.19917267317205933352 0.00000000001119185999 -15593.729747 0.046419 0.093110 0.000000 68.285786 0.042491 48120.795134 48140.796110 18335 64.969 6.377 
48135.681258 11.19916659665928904133 0.00000000001009742315 -15595.243021 0.045869 0.093110 0.000000 68.285786 0.042491 48125.795647 48145.796956 19608 64.159 6.009 
48140.729225 11.19915979509078063359 0.00000000000996724548 -15594.569280 0.044866 0.093110 0.000000 68.285786 0.042491 48130.796575 48150.797956 19631 63.754 5.777 
48145.752611 11.19915302656838029804 0.00000000001019553667 -15595.145687 0.045264 0.093110 0.000000 68.285786 0.042491 48135.797502 48155.798876 19657 62.781 5.562 
48150.763940 11.19914627452326350010 0.00000000001009365721 -15593.988804 0.044366 0.093110 0.000000 68.285786 0.042491 48140.798480 48160.800288 19703 62.026 5.410 
48155.750612 11.19913955630655877371 0.00000000000980702984 -15591.838820 0.044174 0.093110 0.000000 68.285786 0.042491 48145.799339 48165.800797 19809 61.893 5.282 
48160.754393 11.19913281550829609046 0.00000000000996148095 -15591.405100 0.044161 0.093110 0.000000 68.285786 0.042491 48150.800340 48170.801727 19785 62.895 5.137 
48165.759356 11.19912607331344744921 0.00000000000987436786 -15591.686717 0.044355 0.093110 0.000000 68.285786 0.042491 48155.801258 48175.802622 19793 62.714 5.020 
48170.647647 11.19911948815203928120 0.00000000001007746320 -15591.685645 0.045064 0.093110 0.000000 68.285786 0.042491 48160.802668 48180.803584 19477 62.573 5.011 
48175.423758 11.19911305406449919531 0.00000000001064102511 -15592.551203 0.046121 0.093110 0.000000 68.285786 0.042491 48165.803181 48185.804559 18714 62.719 5.012 
48180.692717 11.19910595577498035880 0.00000000001025338103 -15592.279388 0.046257 0.093110 0.000000 68.285786 0.042491 48170.804111 48190.805404 18685 63.366 5.099 
48186.000464 11.19909880522135736669 0.00000000001032638539 -15592.615897 0.046945 0.093110 0.000000 68.285786 0.042491 48175.805008 48195.806331 18702 64.178 5.167 
48191.075223 11.19909196862814049211 0.00000000001066295424 -15592.461585 0.046388 0.093110 0.000000 68.285786 0.042491 48180.805968 48200.807268 19006 64.558 5.122 
48195.767236 11.19908564755078117514 0.00000000001049349948 -15592.709529 0.046197 0.093110 0.000000 68.285786 0.042491 48185.806943 48205.808259 19596 64.524 4.988 
48200.788779 11.19907888243800719863 0.00000000001037214830 -15592.712836 0.046569 0.093110 0.000000 68.285786 0.042491 48190.807787 48210.809272 19632 64.940 4.929 
48205.540800 11.19907248052894566115 0.00000000001048605459 -15592.254781 0.046515 0.093110 0.000000 68.285786 0.042491 48195.808713 48215.810203 18869 64.686 4.868 
48210.787076 11.19906541310151304458 0.00000000001027515564 -15591.317760 0.046753 0.093110 0.000000 68.285786 0.042491 48200.809653 48220.811218 18896 63.964 4.875 
48215.917643 11.19905850236666999820 0.00000000001048013649 -15588.955922 0.046692 0.093110 0.000000 68.285786 0.042491 48205.810643 48225.812222 19061 64.647 5.232 
48221.105619 11.19905151531132503351 0.00000000001006590182 -15586.179535 0.044539 0.093110 0.000000 68.285786 0.042491 48210.811659 48230.812849 19061 61.328 5.206 
48225.799485 11.19904519443705126491 0.00000000000964675325 -15585.614450 0.042923 0.093110 0.000000 68.285786 0.042491 48215.812584 48235.814111 19701 60.651 5.794 
48230.788684 11.19903847591257139982 0.00000000001000052645 -15586.244339 0.043627 0.093110 0.000000 68.285786 0.042491 48220.813603 48240.814855 19537 60.511 6.705 
48235.245676 11.19903247374784172052 0.00000000001105364971 -15587.208540 0.047547 0.093110 0.000000 68.285786 0.042491 48225.814606 48245.815764 18197 60.437 7.556 
48240.440799 11.19902547736322873106 0.00000000001070537454 -15587.274960 0.045339 0.093110 0.000000 68.285786 0.042491 48230.815234 48250.816941 17473 60.474 8.195 
48245.833730 11.19901821466271663041 0.00000000001032052358 -15586.378977 0.050257 0.093110 0.000000 68.285786 0.042491 48235.816500 48255.817631 17248 61.901 8.717 
48250.023082 11.19901257292512752883 0.00000000001242327115 -15586.621657 0.049839 0.093110 0.000000 68.285786 0.042491 48240.817241 48260.818650 14358 61.225 8.357 
48254.439302 11.19900662592353768332 0.00000000001379143164 -15585.747576 0.055653 0.093110 0.000000 68.285786 0.042491 48245.818147 48265.819690 13209 59.023 7.759 
48259.261194 11.19900013271570315965 0.00000000001225616488 -15585.082227 0.052253 0.093110 0.000000 68.285786 0.042491 48250.819327 48270.820723 10984 55.965 7.032 
48266.384788 11.19899054051933084963 0.00000000001170380422 -15585.626198 0.053067 0.093110 0.000000 68.285786 0.042491 48255.820015 48275.821688 8855 47.484 5.120 
48272.396942 11.19898244478400961555 0.00000000001185000682 -15584.915102 0.048204 0.093110 0.000000 68.285786 0.042491 48260.821036 48280.822508 11202 53.201 5.943 
48278.005477 11.19897489259845713150 0.00000000001351120434 -15585.171075 0.055274 0.093110 0.000000 68.285786 0.042491 48265.822058 48285.823586 13668 58.963 6.710 
48282.207800 11.19896923416330380974 0.00000000001254299706 -15584.244807 0.051326 0.093110 0.000000 68.285786 0.042491 48270.823111 48290.824639 16631 65.423 7.922 
48285.770003 11.19896443745003189463 0.00000000001267187858 -15584.887670 0.060060 0.093110 0.000000 68.285786 0.042491 48275.824072 48295.387286 18097 70.222 8.992 
48290.078627 11.19895863595833063187 0.00000000001300551773 -15584.538393 0.055608 0.093110 0.000000 68.285786 0.042491 48280.824895 48300.826541 17453 71.153 9.230 
48293.760532 11.19895367832412880205 0.00000000001730096649 -15583.332130 0.065062 0.093110 0.000000 68.285786 0.042491 48285.825974 48305.826595 13736 72.690 9.453 
48299.361846 11.19894613680994588378 0.00000000001602195185 -15582.695780 0.073748 0.093110 0.000000 68.285786 0.042491 48290.827030 48310.371421 11446 71.779 8.242 
48305.544361 11.19893781314530123439 0.00000000001595387249 -15582.171690 0.074906 0.093110 0.000000 68.285786 0.042491 48295.879384 48315.464423 10293 72.890 6.816 
48311.837255 11.19892934162604625214 0.00000000002212087114 -15579.593903 0.116894 0.093110 0.000000 68.285786 0.042491 48300.880019 48320.357577 9057 79.421 6.298 
48315.640189 11.19892422218506489173 0.00000000001671113769 -15580.559486 0.075733 0.093110 0.000000 68.285786 0.042491 48305.880049 48325.483782 10641 80.672 6.347 
48321.983227 11.19891568325824948715 0.00000000001499030010 -15581.292370 0.068757 0.093110 0.000000 68.285786 0.042491 48311.168040 48331.169513 12701 79.015 6.639 
48327.524505 11.19890822345247549663 0.00000000001567046133 -15581.227605 0.061400 0.093110 0.000000 68.285786 0.042491 48316.168358 48336.169071 14813 76.841 6.912 
48332.018546 11.19890217373832186354 0.00000000001387184900 -15580.505444 0.059926 0.093110 0.000000 68.285786 0.042491 48321.171063 48341.172220 17342 75.336 7.189 
48336.227983 11.19889650718749329883 0.00000000001219990491 -15580.147374 0.054711 0.093110 0.000000 68.285786 0.042491 48326.171817 48346.172351 19475 74.277 7.311 
48341.013319 11.19889006557123423136 0.00000000001178541392 -15580.079189 0.052479 0.093110 0.000000 68.285786 0.042491 48331.171902 48351.173243 19661 72.993 7.365 
48346.030069 11.19888331256709612660 0.00000000001146084616 -15579.497126 0.051566 0.093110 0.000000 68.285786 0.042491 48336.172902 48356.174606 19629 71.593 7.329 
48351.075578 11.19887652115181353452 0.00000000001153318077 -15578.443180 0.050931 0.093110 0.000000 68.285786 0.042491 48341.173137 48361.173767 19622 70.860 7.098 
48355.962984 11.19886994289869974750 0.00000000001162390197 -15577.966251 0.052424 0.093110 0.000000 68.285786 0.042491 48346.173270 48366.174859 19259 70.230 6.872 
48360.939726 11.19886324466343552331 0.00000000001141702984 -15577.452764 0.051504 0.093110 0.000000 68.285786 0.042491 48351.174160 48371.057626 19227 70.760 6.671 
48365.814812 11.19885668308082316003 0.00000000001157980981 -15577.859175 0.050924 0.093110 0.000000 68.285786 0.042491 48356.175523 48376.177373 18414 71.104 6.462 
48371.123376 11.19884953851427411564 0.00000000001140076873 -15576.662732 0.052247 0.093110 0.000000 68.285786 0.042491 48361.176149 48381.177359 18194 70.830 6.335 
48375.829626 11.19884320489830287215 0.00000000001226835342 -15575.144864 0.052813 0.093110 0.000000 68.285786 0.042491 48366.177242 48386.162801 17289 70.428 6.160 
48381.673575 11.19883534092394050674 0.00000000001166617371 -15574.869327 0.053098 0.093110 0.000000 68.285786 0.042491 48371.991364 48391.992781 17490 69.868 5.886 
48387.153897 11.19882796659026169550 0.00000000001148012393 -15573.074202 0.052982 0.093110 0.000000 68.285786 0.042491 48376.992299 48396.994264 17745 70.494 5.778 
48392.661551 11.19882055604555937123 0.00000000001208833010 -15572.613638 0.051704 0.093110 0.000000 68.285786 0.042491 48381.993247 48401.994614 17807 69.357 5.532 
48396.864015 11.19881490171831295299 0.00000000001050232729 -15572.930782 0.047283 0.093110 0.000000 68.285786 0.042491 48386.994156 48406.995517 19664 66.760 5.563 
48401.870542 11.19880816521794741902 0.00000000001028691054 -15573.833802 0.045356 0.093110 0.000000 68.285786 0.042491 48391.995154 48411.995759 19662 63.102 5.922 
48406.899419 11.19880139853160727625 0.00000000001024244854 -15573.640315 0.044442 0.093110 0.000000 68.285786 0.042491 48396.995182 48416.996006 19645 60.502 6.513 
48411.928220 11.19879463206213365822 0.00000000000985750314 -15573.101037 0.043075 0.093110 0.000000 68.285786 0.042491 48401.995530 48421.996958 19664 58.569 6.942 
48416.590573 11.19878835886526857735 0.00000000000963574014 -15572.718144 0.041263 0.093110 0.000000 68.285786 0.042491 48406.996433 48426.997907 18749 57.265 7.199 
48421.853606 11.19878127749738716545 0.00000000000874771904 -15572.929832 0.040577 0.093110 0.000000 68.285786 0.042491 48411.996677 48431.997420 18778 55.462 7.087 
48426.960966 11.19877440550533620467 0.00000000000877822925 -15573.278651 0.038367 0.093110 0.000000 68.285786 0.042491 48416.996927 48436.998371 18307 53.181 6.596 
48432.366783 11.19876713180694594030 0.00000000000907901124 -15573.349116 0.041139 0.093110 0.000000 68.285786 0.042491 48421.997880 48441.999332 18294 52.082 6.309 
48437.029784 11.19876085742036053716 0.00000000000864480350 -15573.733537 0.038170 0.093110 0.000000 68.285786 0.042491 48426.998829 48447.000219 19273 52.774 6.185 
48442.170197 11.19875394075170227381 0.00000000000911388847 -15573.349751 0.040921 0.093110 0.000000 68.285786 0.042491 48431.999794 48452.000400 19274 55.613 6.380 
48446.935197 11.19874752951464991213 0.00000000000919368798 -15572.134566 0.041412 0.093110 0.000000 68.285786 0.042491 48437.000745 48457.002227 19717 58.268 6.612 
48449.695252 11.19874381603270840913 0.00000000001425554776 -15572.123152 0.082405 0.093110 0.000000 68.285786 0.042491 48442.001704 48457.384729 15294 60.676 6.877 
48467.438944 11.19874996488344365275 0.00000000005082072686 -15775.022441 0.221061 0.583391 0.000000 68.290175 0.068825 48457.382729 48477.384691 18000 302.877 146.112 
48471.781222 11.19874405356784663468 0.00000000001900646335 -15724.839229 0.081832 0.568752 0.000000 68.290175 0.068825 48462.383446 48482.385425 15410 93.801 13.166 
48477.322163 11.19873652926461993218 0.00000000001248138362 -15707.857769 0.058488 0.550074 0.000000 68.290175 0.068825 48467.384265 48487.386177 15817 74.635 7.650 
48483.171860 11.19872859348075522234 0.00000000001272793317 -15696.105393 0.056183 0.530354 0.000000 68.290175 0.068825 48472.385501 48492.386193 16046 71.468 6.403 
48488.785225 11.19872098345767241767 0.00000000001428618356 -15687.429134 0.062309 0.511431 0.000000 68.290175 0.068825 48477.385611 48497.374457 16454 71.647 5.992 
48492.622781 11.19871578263573574930 0.00000000001169132491 -15683.853221 0.051950 0.498494 0.000000 68.290175 0.068825 48482.386341 48502.361435 18953 70.571 5.589 
48497.525905 11.19870913871852025068 0.00000000001180471400 -15682.954119 0.053166 0.481965 0.000000 68.290175 0.068825 48487.387096 48507.348226 19135 72.643 5.649 
48502.440686 11.19870247976036381488 0.00000000001209819891 -15680.129849 0.054674 0.465397 0.000000 68.290175 0.068825 48492.387114 48512.333840 19013 74.586 5.733 
48507.146123 11.19869610534352055708 0.00000000001328651300 -15678.147432 0.060775 0.449535 0.000000 68.290175 0.068825 48497.667500 48517.669028 18328 76.489 5.757 
48512.367722 11.19868903275116878149 0.00000000001283001121 -15676.392571 0.056698 0.431932 0.000000 68.290175 0.068825 48502.667876 48522.669537 18219 77.474 5.698 
48517.366801 11.19868226246935272172 0.00000000001221606937 -15673.254309 0.055387 0.415080 0.000000 68.290175 0.068825 48507.668332 48527.669172 17488 75.884 5.552 
48522.016742 11.19867596586267133318 0.00000000001303398485 -15671.902448 0.053854 0.399405 0.000000 68.290175 0.068825 48512.669637 48532.670671 15787 73.229 5.388 
48527.600124 11.19866840568549193335 0.00000000001206777999 -15671.928982 0.055976 0.380583 0.000000 68.290175 0.068825 48517.669948 48537.671574 16483 70.500 5.249 
48533.165783 11.19866086966986884477 0.00000000001387892093 -15671.387031 0.059716 0.361821 0.000000 68.290175 0.068825 48522.670456 48542.671067 16222 70.073 5.106 
48538.431168 11.19865374098874077902 0.00000000001387692839 -15668.756765 0.058737 0.344071 0.000000 68.290175 0.068825 48527.671559 48547.673356 16999 73.816 5.159 
48562.997070 11.19862054933947170809 0.00000000001205924090 -15665.509840 0.054575 0.261257 0.000000 68.290175 0.068825 48552.675254 48572.677135 17860 73.309 5.274 
48568.019693 11.19861375178385642926 0.00000000001177657176 -15662.888159 0.050477 0.244326 0.000000 68.290175 0.068825 48557.676260 48577.678072 18664 68.768 5.056 
48572.654465 11.19860747994778193970 0.00000000001084207032 -15661.519326 0.047910 0.228702 0.000000 68.290175 0.068825 48562.677487 48582.679060 19713 65.739 4.955 
48577.640779 11.19860073295533631210 0.00000000001031235222 -15660.203203 0.045951 0.211892 0.000000 68.290175 0.068825 48567.678467 48587.679993 19771 64.357 4.946 
48582.642898 11.19859396520696215305 0.00000000001000615068 -15658.685615 0.044877 0.195030 0.000000 68.290175 0.068825 48572.679514 48592.681097 19778 63.569 4.940 
48587.597879 11.19858726158789608007 0.00000000001009441425 -15658.479978 0.045283 0.178326 0.000000 68.290175 0.068825 48577.680450 48597.681957 19636 63.028 4.956 
48592.625084 11.19858046027203002382 0.00000000001055733996 -15658.780663 0.046444 0.161379 0.000000 68.290175 0.068825 48582.681444 48602.682901 19585 63.774 4.947 
48597.675704 11.19857362746101081541 0.00000000001069120550 -15657.810621 0.047414 0.144353 0.000000 68.290175 0.068825 48587.682369 48607.683859 19572 65.539 5.018 
48602.732663 11.19856678650027959065 0.00000000001103080285 -15656.456429 0.049294 0.127306 0.000000 68.290175 0.068825 48592.683480 48612.684975 19576 69.194 5.135 
48607.690676 11.19856007999092284422 0.00000000001104754993 -15655.464697 0.049912 0.110592 0.000000 68.290175 0.068825 48597.684335 48617.685906 19699 71.377 5.181 
48612.578258 11.19855346936328466256 0.00000000001104000389 -15653.156739 0.050367 0.094116 0.000000 68.290175 0.068825 48602.685276 48622.686779 19535 69.413 5.255 
48617.644281 11.19854661788135885558 0.00000000001096517682 -15652.750567 0.047458 0.077038 0.000000 68.290175 0.068825 48607.686238 48627.687976 19559 66.260 5.454 
48622.716471 11.19853975848664617843 0.00000000001051854728 -15651.957400 0.046195 0.059939 0.000000 68.290175 0.068825 48612.687357 48632.688872 19584 63.529 5.993 
48643.309664 11.19851191969538817261 0.00000000004014896760 -15649.470239 0.089930 -0.009482 0.000000 68.290175 0.068825 48637.692221 48657.693734 6454 65.267 6.807 
48655.536658 11.19849538786297493687 0.00000000003532629674 -15648.813861 0.104569 -0.050700 0.000000 68.290175 0.068825 48642.693280 48662.695001 5532 72.125 5.600 
48667.108131 11.19847974291652903389 0.00000000001333118413 -15648.348476 0.056520 -0.089708 0.000000 68.290175 0.068825 48656.213126 48676.214423 17167 71.217 5.530 
48671.182680 11.19847423431204447297 0.00000000001157382414 -15647.514378 0.051779 -0.103444 0.000000 68.290175 0.068825 48661.214092 48681.215304 19654 71.220 5.582 
48676.006740 11.19846771259139650567 0.00000000001169843754 -15646.514847 0.051559 -0.119706 0.000000 68.290175 0.068825 48666.215020 48686.216217 19643 71.957 5.506 
48679.411770 11.19846310961460567057 0.00000000001509174267 -15645.475789 0.056933 -0.131185 0.000000 68.290175 0.068825 48671.215890 48691.217219 15954 72.783 5.487 
48685.446793 11.19845495177446004220 0.00000000001270629124 -15644.313730 0.060476 -0.151529 0.000000 68.290175 0.068825 48676.216779 48696.218092 15505 74.024 5.348 
48691.878653 11.19844625831699680418 0.00000000001393939948 -15643.438299 0.060127 -0.173212 0.000000 68.290175 0.068825 48681.217660 48701.219009 15488 76.743 5.308 
48697.973797 11.19843802040571567602 0.00000000001689620295 -15642.569868 0.085401 -0.193759 0.000000 68.290175 0.068825 48686.218574 48706.219420 15426 78.024 5.333 
48701.234644 11.19843361333166242844 0.00000000001239860333 -15642.641856 0.055675 -0.204751 0.000000 68.290175 0.068825 48691.219581 48711.220975 19106 78.581 5.575 
48706.163716 11.19842695150963329809 0.00000000001264878800 -15643.049525 0.056914 -0.221368 0.000000 68.290175 0.068825 48696.220450 48716.221877 19533 78.815 5.878 
48710.619282 11.19842092956878509824 0.00000000001415757369 -15642.643432 0.065844 -0.236388 0.000000 68.290175 0.068825 48701.221369 48719.765883 18279 78.588 6.266 
48690.463857 11.19844817020238458838 0.00000000002460292640 -15643.940400 0.116463 0.077210 0.000000 68.240840 0.068825 48680.147679 48700.148927 15485 142.268 18.370 
48696.587826 11.19843989337073786317 0.00000000002932547812 -15642.423049 0.109434 0.077210 0.000000 68.240840 0.068825 48685.148554 48705.149817 15485 139.848 17.197 
48700.100673 11.19843514570587750256 0.00000000002126847174 -15641.914540 0.095479 0.077210 0.000000 68.240840 0.068825 48690.149485 48710.150829 19129 135.878 16.614 
48705.046483 11.19842846142959658096 0.00000000002035687053 -15643.019886 0.091655 0.077210 0.000000 68.240840 0.068825 48695.150392 48715.151699 19544 128.042 15.327 
48710.132463 11.19842158736283721510 0.00000000002022340187 -15643.190035 0.087828 0.077210 0.000000 68.240840 0.068825 48700.151287 48720.152637 19531 124.766 15.729 
48714.903225 11.19841513967604029745 0.00000000001966952599 -15642.058250 0.086691 0.077210 0.000000 68.240840 0.068825 48705.152177 48725.153579 19224 119.909 16.098 
48720.034569 11.19840820476142262407 0.00000000001901333112 -15641.700605 0.085645 0.077210 0.000000 68.240840 0.068825 48710.153193 48730.153744 19299 117.575 16.419 
48724.824917 11.19840173097961688597 0.00000000002024848395 -15641.717752 0.087337 0.077210 0.000000 68.240840 0.068825 48715.154061 48735.155152 18414 117.620 16.766 
48730.193098 11.19839447632870133020 0.00000000001984954720 -15640.553858 0.089442 0.077210 0.000000 68.240840 0.068825 48720.155001 48740.156523 18376 119.183 17.083 
48735.195225 11.19838771700446322654 0.00000000002002837240 -15639.592554 0.091313 0.077210 0.000000 68.240840 0.068825 48725.155945 48745.156559 18930 127.086 18.753 
48740.446444 11.19838062139221612767 0.00000000002171739575 -15638.853663 0.096280 0.077210 0.000000 68.240840 0.068825 48730.156123 48750.157997 18909 133.591 21.050 
48744.792362 11.19837474915797947972 0.00000000002270769591 -15638.897482 0.101882 0.077210 0.000000 68.240840 0.068825 48735.157517 48755.159452 19159 135.961 23.171 
48749.632016 11.19836820991688064453 0.00000000002327212194 -15638.567646 0.098035 0.077210 0.000000 68.240840 0.068825 48740.158900 48760.159465 18259 133.584 24.069 
48755.046290 11.19836089486121366576 0.00000000002129922705 -15636.121822 0.097829 0.077210 0.000000 68.240840 0.068825 48745.158935 48765.159513 18182 129.677 23.482 
48760.491283 11.19835353917370568411 0.00000000002063939367 -15634.958534 0.090023 0.077210 0.000000 68.240840 0.068825 48750.160375 48770.160942 18155 124.548 21.662 
48765.528464 11.19834673455674867171 0.00000000002028776517 -15634.706939 0.092126 0.077210 0.000000 68.240840 0.068825 48755.161828 48775.162421 18654 122.103 20.513 
48770.058084 11.19834061566911032060 0.00000000001955621857 -15635.145986 0.088188 0.077210 0.000000 68.240840 0.068825 48760.163288 48780.165282 19410 122.293 21.066 
48774.818083 11.19833418554924087118 0.00000000002032831623 -15635.041265 0.088965 0.077210 0.000000 68.240840 0.068825 48765.163337 48785.165293 18711 120.304 21.564 
48779.825441 11.19832742127256253184 0.00000000002022786627 -15635.245186 0.089443 0.077210 0.000000 68.240840 0.068825 48770.164769 48790.166734 18145 117.610 21.794 
48784.445788 11.19832117969948726000 0.00000000002052932487 -15635.461520 0.086101 0.077210 0.000000 68.240840 0.068825 48775.164797 48795.166145 16459 113.323 20.776 
48790.357958 11.19831319362368482473 0.00000000001829109857 -15632.959550 0.086203 0.077210 0.000000 68.240840 0.068825 48780.166192 48800.166733 16642 109.830 19.154 
48795.704781 11.19830597194255261684 0.00000000001855120784 -15631.751207 0.079906 0.077210 0.000000 68.240840 0.068825 48785.166205 48805.166762 17343 108.425 18.175 
48800.586483 11.19829937828210653095 0.00000000002084584475 -15634.369905 0.094244 0.077210 0.000000 68.240840 0.068825 48790.167645 48810.168210 16906 109.307 17.869 
48805.026989 11.19829337970836391492 0.00000000001826232068 -15635.954076 0.082341 0.077210 0.000000 68.240840 0.068825 48795.168505 48815.169683 18702 112.146 18.315 
48809.759752 11.19828698591174109822 0.00000000002024391431 -15636.177240 0.090178 0.077210 0.000000 68.240840 0.068825 48800.169110 48820.170994 17425 114.493 18.054 
48814.953667 11.19827996945679693397 0.00000000002148582664 -15634.922271 0.093856 0.077210 0.000000 68.240840 0.068825 48805.169123 48825.169679 16497 118.745 17.804 
48820.033252 11.19827310787728080754 0.00000000001928277085 -15633.477006 0.090645 0.077210 0.000000 68.240840 0.068825 48810.170586 48830.171738 17145 120.388 17.116 
48825.777413 11.19826534901753412043 0.00000000001939857651 -15633.635917 0.086362 0.077210 0.000000 68.240840 0.068825 48815.170594 48835.172541 17117 116.897 16.115 
48830.475304 11.19825900351276004585 0.00000000001828734295 -15633.076353 0.079862 0.077210 0.000000 68.240840 0.068825 48820.171903 48840.172497 18011 107.510 15.573 
48835.315917 11.19825246521662975852 0.00000000001660531753 -15633.523440 0.072042 0.077210 0.000000 68.240840 0.068825 48825.172053 48845.173992 18995 97.129 15.108 
48840.165600 11.19824591457740758926 0.00000000001517708858 -15633.952314 0.066082 0.077210 0.000000 68.240840 0.068825 48830.172649 48850.174028 19079 88.969 14.694 
48844.769573 11.19823969549059938799 0.00000000001555473424 -15634.671384 0.071216 0.077210 0.000000 68.240840 0.068825 48835.173450 48855.174606 17997 84.914 14.251 
48850.045432 11.19823256930306953905 0.00000000001427875219 -15633.014466 0.063175 0.077210 0.000000 68.240840 0.068825 48840.174853 48860.175398 18386 86.900 15.009 
48855.295623 11.19822547816642455132 0.00000000001501327688 -15631.615405 0.071021 0.077210 0.000000 68.240840 0.068825 48845.174902 48865.175495 18116 90.145 15.339 
48860.186047 11.19821887335490551152 0.00000000001675349345 -15631.369927 0.069056 0.077210 0.000000 68.240840 0.068825 48850.174939 48870.176846 17555 95.215 15.612 
48865.037433 11.19821232148213674407 0.00000000001646888578 -15630.476405 0.075483 0.077210 0.000000 68.240840 0.068825 48855.175515 48875.176908 18493 100.994 16.598 
48870.401703 11.19820507723928137978 0.00000000001819325370 -15629.981720 0.080774 0.077210 0.000000 68.240840 0.068825 48860.176310 48880.176881 18456 109.333 17.324 
48875.604734 11.19819805089730380132 0.00000000002058184912 -15629.997708 0.086949 0.077210 0.000000 68.240840 0.068825 48865.176407 48885.178363 18696 117.983 17.424 
48880.323773 11.19819167859424524636 0.00000000001965973493 -15628.416858 0.087776 0.077210 0.000000 68.240840 0.068825 48870.177755 48890.178346 19533 123.893 17.398 
48884.531759 11.19818599654110968800 0.00000000002079649027 -15628.042736 0.087437 0.077210 0.000000 68.240840 0.068825 48875.177821 48895.179729 17679 124.192 16.663 
48888.166660 11.19818108859306704517 0.00000000002657907012 -15629.114254 0.137628 0.077210 0.000000 68.240840 0.068825 48880.179239 48897.280047 14359 119.425 15.418 
48893.093584 11.19817443579561633271 0.00000000002815731600 -15627.520195 0.094330 0.077210 0.000000 68.240840 0.068825 48885.179275 48904.261773 11388 105.313 14.512 
48901.027377 11.19816372303521845311 0.00000000001923533593 -15629.402383 0.107086 0.077210 0.000000 68.240840 0.068825 48890.180708 48910.176898 9764 89.845 13.833 
48907.614402 11.19815482811054607737 0.00000000002271289730 -15629.433954 0.075594 0.077210 0.000000 68.240840 0.068825 48895.182085 48915.184067 11136 86.016 14.068 
48913.351604 11.19814708076818732252 0.00000000001703083930 -15628.953717 0.066050 0.077210 0.000000 68.240840 0.068825 48902.189914 48922.191436 15935 87.482 14.254 
48917.528192 11.19814144043264469985 0.00000000001629143874 -15630.638668 0.069224 0.077210 0.000000 68.240840 0.068825 48907.191296 48927.192419 18388 93.516 14.770 
48922.101435 11.19813526453536844940 0.00000000001727597851 -15630.193962 0.073204 0.077210 0.000000 68.240840 0.068825 48912.192258 48932.183956 18055 99.341 14.712 
48927.732512 11.19812766047604135622 0.00000000001631059293 -15628.575637 0.074885 0.077210 0.000000 68.240840 0.068825 48917.192303 48937.170823 19544 106.931 14.508 
48933.409116 11.19811999549754588656 0.00000000001771521353 -15628.068502 0.074136 0.077210 0.000000 68.240840 0.068825 48922.192346 48942.157797 21459 110.777 13.543 
48938.139376 11.19811360829628910096 0.00000000001773686388 -15628.166534 0.077408 0.077210 0.000000 68.240840 0.068825 48927.193325 48947.143215 22450 106.333 11.893 
48941.527517 11.19810903358464138080 0.00000000001670919438 -15626.910691 0.073027 0.077210 0.000000 68.240840 0.068825 48932.456969 48952.130158 22612 101.278 11.025 
48944.941919 11.19810442343330514348 0.00000000002047575025 -15627.494235 0.066487 0.077210 0.000000 68.240840 0.068825 48937.457838 48957.459079 18232 94.457 9.826 
48951.561885 11.19809548500126084036 0.00000000001476173431 -15628.458403 0.074363 0.077210 0.000000 68.240840 0.068825 48942.458740 48962.459710 16426 87.576 8.921 
48958.396693 11.19808625636249743707 0.00000000001672992720 -15627.360624 0.063436 0.077210 0.000000 68.240840 0.068825 48947.459609 48967.460498 15577 86.075 8.841 
48964.962653 11.19807739196874507570 0.00000000001459794648 -15624.265592 0.068471 0.077210 0.000000 68.240840 0.068825 48954.396908 48974.397923 18419 83.783 8.240 
48969.218550 11.19807164671341936923 0.00000000001300058847 -15624.065751 0.059466 0.077210 0.000000 68.240840 0.068825 48959.397731 48979.055927 19805 83.274 8.402 
48973.985228 11.19806521194698945010 0.00000000001366137627 -15624.841180 0.059653 0.077210 0.000000 68.240840 0.068825 48964.398561 48984.042883 18913 82.224 8.427 
48979.039947 11.19805838829785393784 0.00000000001420629141 -15624.371632 0.062972 0.077210 0.000000 68.240840 0.068825 48969.399423 48989.400473 18126 82.803 8.498 
48983.478886 11.19805239644653305220 0.00000000001568335994 -15621.889508 0.065891 0.077210 0.000000 68.240840 0.068825 48974.400267 48994.401299 15912 84.660 8.737 
48989.724855 11.19804396634492427154 0.00000000001367703164 -15620.639211 0.063553 0.077210 0.000000 68.240840 0.068825 48979.959292 48999.960485 15712 83.998 8.323 
48994.792858 11.19803712603121326197 0.00000000001381854700 -15622.857498 0.065698 0.077210 0.000000 68.240840 0.068825 48984.959617 49004.507380 15012 80.264 8.050 
49001.437542 11.19802815669315165792 0.00000000001363840093 -15624.115426 0.059436 0.077210 0.000000 68.240840 0.068825 48991.295867 49011.285312 14118 68.726 7.649 
49006.819979 11.19802089078230089569 0.00000000001183914373 -15624.057485 0.056823 0.077210 0.000000 68.240840 0.068825 48996.547362 49015.955592 14580 61.945 7.532 
49012.068441 11.19801380575764326863 0.00000000001071212337 -15624.295926 0.043902 0.077210 0.000000 68.240840 0.068825 49001.548471 49021.549957 15200 57.732 7.338 
49015.863908 11.19800868218470135673 0.00000000001117144796 -15623.990233 0.046571 0.077210 0.000000 68.240840 0.068825 49007.252168 49026.924922 14452 55.482 7.120 
49021.842161 11.19800061206324492957 0.00000000000963169683 -15623.915210 0.043821 0.077210 0.000000 68.240840 0.068825 49012.253016 49032.254031 14377 55.444 6.926 
49028.145685 11.19799210317525961500 0.00000000000982879117 -15622.954723 0.043952 0.077210 0.000000 68.240840 0.068825 49017.462403 49037.452171 15695 55.583 6.724 
49034.118665 11.19798404085933896113 0.00000000001066805981 -15622.194363 0.043112 0.077210 0.000000 68.240840 0.068825 49022.911426 49042.882135 16416 56.332 6.789 
49037.471786 11.19797951493434595704 0.00000000000990812415 -15622.707755 0.042684 0.077210 0.000000 68.240840 0.068825 49027.911726 49047.868498 17600 56.561 6.590 
49042.676961 11.19797248904132480618 0.00000000001036628207 -15622.595566 0.045917 0.077210 0.000000 68.240840 0.068825 49033.181174 49053.182192 16447 58.152 6.439 
49048.370326 11.19796480425057616515 0.00000000001053642278 -15622.023004 0.047054 0.077210 0.000000 68.240840 0.068825 49038.182015 49058.183016 17051 62.031 6.434 
49054.191345 11.19795694787625706113 0.00000000001205076137 -15620.054584 0.056805 0.077210 0.000000 68.240840 0.068825 49044.151909 49064.153622 17058 67.322 6.578 
49058.953833 11.19795052046911187915 0.00000000001128583768 -15619.982780 0.050387 0.077210 0.000000 68.240840 0.068825 49049.151962 49068.810884 18329 68.670 6.770 
49063.980845 11.19794373625545347295 0.00000000001157489668 -15620.088253 0.051562 0.077210 0.000000 68.240840 0.068825 49054.152799 49074.153840 18670 69.277 6.797 
49069.306205 11.19793654968776408509 0.00000000001144790189 -15618.398111 0.050164 0.077210 0.000000 68.240840 0.068825 49059.153635 49079.155322 18601 68.129 6.539 
49073.061969 11.19793148142043825999 0.00000000001210233200 -15618.505856 0.049747 0.077210 0.000000 68.240840 0.068825 49064.154519 49084.097504 16938 67.410 6.231 
49078.780995 11.19792376373710673931 0.00000000001079345485 -15620.122162 0.051678 0.077210 0.000000 68.240840 0.068825 49069.155113 49089.156283 16816 66.462 5.942 
49084.570310 11.19791595040685017182 0.00000000001112412681 -15620.902087 0.049470 0.077210 0.000000 68.240840 0.068825 49074.156183 49094.157405 16933 64.923 5.967 
49090.319450 11.19790819112973423444 0.00000000001323422932 -15620.908540 0.060427 0.077210 0.000000 68.240840 0.068825 49079.156220 49099.157442 16696 64.414 6.033 
49094.196024 11.19790295932775237020 0.00000000001106924594 -15619.889649 0.049576 0.077210 0.000000 68.240840 0.068825 49084.202280 49104.203816 19379 65.785 5.977 
49099.163690 11.19789625523624287950 0.00000000001150796780 -15619.477470 0.050329 0.077210 0.000000 68.240840 0.068825 49089.203544 49109.205313 19491 69.348 5.828 
49104.233180 11.19788941376653212956 0.00000000001190705121 -15619.715937 0.052511 0.077210 0.000000 68.240840 0.068825 49094.204694 49114.206684 19458 73.516 5.599 
49109.129964 11.19788280547712133739 0.00000000001186614233 -15619.312507 0.054071 0.077210 0.000000 68.240840 0.068825 49099.204751 49119.174536 19670 76.585 5.443 
49114.138382 11.19787604668116642870 0.00000000001183425348 -15618.656736 0.053295 0.077210 0.000000 68.240840 0.068825 49104.206161 49124.208120 19553 75.574 5.381 
49119.167157 11.19786926053330944342 0.00000000001207397887 -15618.913348 0.053593 0.077210 0.000000 68.240840 0.068825 49109.206213 49129.208196 19593 74.032 5.473 
49123.289474 11.19786369761280298007 0.00000000001379941886 -15618.879191 0.056001 0.077210 0.000000 68.240840 0.068825 49114.207581 49134.209570 17402 72.665 5.487 
49128.566756 11.19785657620672125745 0.00000000001308514083 -15618.473742 0.058546 0.077210 0.000000 68.240840 0.068825 49119.213528 49139.215494 16670 72.812 5.392 
49134.399596 11.19784870544358490463 0.00000000001251359804 -15617.538549 0.058063 0.077210 0.000000 68.240840 0.068825 49124.214817 49144.215502 16698 75.824 5.273 
49139.845165 11.19784135750812836818 0.00000000001461804287 -15617.098580 0.060395 0.077210 0.000000 68.240840 0.068825 49129.214895 49149.216831 15405 78.126 5.107 
49144.254049 11.19783540847886094127 0.00000000001268543583 -15617.210231 0.057420 0.077210 0.000000 68.240840 0.068825 49134.216267 49154.216973 17158 77.620 5.129 
49148.461198 11.19782973173276729995 0.00000000001446397082 -15616.893513 0.071061 0.077210 0.000000 68.240840 0.068825 49139.216393 49159.217627 16060 76.932 5.196 
49154.113238 11.19782210587520410172 0.00000000001443945395 -15615.255688 0.059196 0.077210 0.000000 68.240840 0.068825 49144.216402 49164.218341 14922 74.381 5.330 
49159.579247 11.19781473139383543014 0.00000000001201847753 -15615.164306 0.061595 0.077210 0.000000 68.240840 0.068825 49149.217727 49169.218346 16251 72.663 5.674 
49164.807085 11.19780767799307774624 0.00000000001395463240 -15616.161128 0.055375 0.077210 0.000000 68.240840 0.068825 49154.217875 49174.180140 15757 72.909 6.128 
49168.997148 11.19780202476713526494 0.00000000001480696453 -15615.874533 0.062564 0.077210 0.000000 68.240840 0.068825 49159.218526 49179.219755 15838 73.378 6.288 
49174.129028 11.19779510063469984971 0.00000000001230941736 -15615.953027 0.058296 0.077210 0.000000 68.240840 0.068825 49164.219240 49184.219821 16933 74.668 6.248 
49179.930072 11.19778727403169327204 0.00000000001349796696 -15615.467119 0.057130 0.077210 0.000000 68.240840 0.068825 49169.219245 49189.193005 16763 76.334 6.067 
49184.876407 11.19778060079441495134 0.00000000001359462274 -15613.554271 0.060506 0.077210 0.000000 68.240840 0.068825 49174.252966 49194.254654 17094 74.998 5.502 
49189.306448 11.19777462469118312072 0.00000000001193428644 -15613.390495 0.054318 0.077210 0.000000 68.240840 0.068825 49179.253992 49199.254636 18851 74.804 5.531 
49194.490191 11.19776763193847557432 0.00000000001186091816 -15612.776727 0.052910 0.077210 0.000000 68.240840 0.068825 49184.254056 49204.254646 18990 73.456 5.538 
49199.587845 11.19776075558571548640 0.00000000001223104251 -15612.352600 0.054232 0.077210 0.000000 68.240840 0.068825 49189.254743 49209.256086 19073 72.697 5.592 
49204.029447 11.19775476503390621019 0.00000000001281367714 -15608.915154 0.055566 0.077210 0.000000 68.240840 0.068825 49194.255554 49214.256099 19010 76.604 6.248 
49208.901555 11.19774819509579977250 0.00000000001307582692 -15605.283040 0.057372 0.077210 0.000000 68.240840 0.068825 49199.256979 49219.257618 18063 77.539 6.270 
49213.258358 11.19774232062074759142 0.00000000001549070511 -15606.064527 0.062726 0.077210 0.000000 68.240840 0.068825 49204.257003 49224.258966 15313 82.037 6.739 
49219.503394 11.19773389957879317080 0.00000000001507687247 -15608.514139 0.071638 0.077210 0.000000 68.240840 0.068825 49209.258431 49229.260419 15038 87.822 7.116 
49224.184004 11.19772758729883932460 0.00000000001931254161 -15608.842596 0.091119 0.077210 0.000000 68.240840 0.068825 49214.258456 49233.360561 13521 90.204 7.149 
49228.808973 11.19772135016870073798 0.00000000002683871792 -15608.297825 0.106013 0.077210 0.000000 68.240840 0.068825 49219.258515 49239.260439 11284 92.657 7.183 
49234.324843 11.19771391169591190362 0.00000000001503693460 -15608.161478 0.080211 0.077210 0.000000 68.240840 0.068825 49224.259866 49244.260453 14002 90.746 6.738 
49241.043805 11.19770485064868736913 0.00000000001920198319 -15608.720312 0.068190 0.077210 0.000000 68.240840 0.068825 49229.261319 49249.261931 14332 87.047 6.149 
49246.833428 11.19769704293920575822 0.00000000001527074055 -15608.125450 0.067767 0.077210 0.000000 68.240840 0.068825 49236.132883 49256.134224 18413 87.678 6.187 
49251.187573 11.19769117121647639124 0.00000000001360500999 -15607.840271 0.061177 0.077210 0.000000 68.240840 0.068825 49241.133669 49261.135669 19755 87.436 6.678 
49255.917295 11.19768479325990284678 0.00000000001448941413 -15607.146494 0.066329 0.077210 0.000000 68.240840 0.068825 49246.135104 49266.135911 19192 87.378 8.044 
49259.678229 11.19767972174977543887 0.00000000001923477675 -15607.115373 0.084244 0.077210 0.000000 68.240840 0.068825 49251.136558 49271.031278 16442 89.170 9.773 
49265.658617 11.19767165713028944651 0.00000000001789773517 -15608.470347 0.075601 0.077210 0.000000 68.240840 0.068825 49256.136568 49276.138543 16302 94.582 13.016 
49271.562952 11.19766369481047618706 0.00000000001738722174 -15608.326607 0.081418 0.077210 0.000000 68.240840 0.068825 49261.138024 49281.140009 16072 100.200 15.655 
49277.301965 11.19765595551904979743 0.00000000002012242390 -15607.712512 0.077754 0.077210 0.000000 68.240840 0.068825 49266.138255 49286.140022 16665 107.374 17.264 
49281.275492 11.19765059727396661060 0.00000000001738694753 -15607.323525 0.078458 0.077210 0.000000 68.240840 0.068825 49271.163467 49291.164691 19267 110.658 17.943 
49286.359356 11.19764374188034317115 0.00000000001826820078 -15606.903712 0.082051 0.077210 0.000000 68.240840 0.068825 49276.164095 49296.166072 19365 114.969 19.838 
49290.810833 11.19763773948480256593 0.00000000002038898187 -15606.304310 0.096368 0.077210 0.000000 68.240840 0.068825 49281.164101 49300.177784 18667 117.820 22.165 
49295.950453 11.19763081009362082341 0.00000000002092327912 -15602.969842 0.088223 0.077210 0.000000 68.240840 0.068825 49286.164113 49306.160365 18064 121.312 24.690 
49301.318046 11.19762357496717974925 0.00000000001970711901 -15598.837069 0.093636 0.077210 0.000000 68.240840 0.068825 49291.164148 49311.147247 18265 122.508 25.875 
49306.719136 11.19761629590765217301 0.00000000002137287458 -15597.568801 0.089717 0.077210 0.000000 68.240840 0.068825 49296.165527 49316.134180 18202 122.354 24.732 
49311.139771 11.19761033802543970239 0.00000000002269018775 -15600.173420 0.096812 0.077210 0.000000 68.240840 0.068825 49301.891901 49321.892721 17975 123.145 22.744 
49315.981339 11.19760381224381973198 0.00000000002285500946 -15600.672846 0.102841 0.077210 0.000000 68.240840 0.068825 49306.892250 49326.106720 16490 124.711 20.660 
49321.962734 11.19759575020094466424 0.00000000002127644935 -15599.577913 0.100911 0.077210 0.000000 68.240840 0.068825 49311.893364 49331.894444 16186 129.719 18.620 
49327.887474 11.19758776482955475728 0.00000000002429189135 -15599.519537 0.103072 0.077210 0.000000 68.240840 0.068825 49316.894271 49336.895161 15909 132.637 18.008 
49332.495794 11.19758155365025942274 0.00000000002288322071 -15600.199155 0.102895 0.077210 0.000000 68.240840 0.068825 49321.895076 49341.896086 17657 133.069 19.456 
49337.248492 11.19757514760680017218 0.00000000002305569709 -15600.223248 0.102444 0.077210 0.000000 68.240840 0.068825 49327.375721 49347.376758 19439 141.333 24.759 
49341.807542 11.19756900308651559328 0.00000000002665350038 -15598.300218 0.108465 0.077210 0.000000 68.240840 0.068825 49332.376568 49352.377597 17709 149.423 31.211 
49346.120855 11.19756319004060252098 0.00000000003075835634 -15596.897388 0.130295 0.077210 0.000000 68.240840 0.068825 49337.377407 49357.018910 15875 157.699 38.107 
49350.665689 11.19755706560245478443 0.00000000003518093893 -15597.987650 0.155640 0.077210 0.000000 68.240840 0.068825 49342.378239 49362.007451 13290 166.165 46.533 
49357.946070 11.19754725381695692477 0.00000000003198080820 -15598.748196 0.165749 0.077210 0.000000 68.240840 0.068825 49347.379104 49367.380139 12596 165.143 55.206 
49363.471265 11.19753980775801593950 0.00000000003412968790 -15597.551744 0.138608 0.077210 0.000000 68.240840 0.068825 49352.379941 49372.380981 13637 164.311 61.700 
49368.895112 11.19753249854669086005 0.00000000003389018863 -15596.674641 0.132823 0.077210 0.000000 68.240840 0.068825 49357.820151 49377.821169 16256 166.370 62.106 
49373.100523 11.19752683113117797120 0.00000000002995244778 -15598.167034 0.126992 0.077210 0.000000 68.240840 0.068825 49362.893321 49382.894489 19098 169.216 57.258 
49378.291829 11.19751983474201928459 0.00000000002999385058 -15598.862914 0.130973 0.077210 0.000000 68.240840 0.068825 49367.894351 49387.895181 18953 172.483 48.373 
49383.060147 11.19751340826999097544 0.00000000002627029458 -15598.579856 0.117968 0.077210 0.000000 68.240840 0.068825 49372.895183 49392.896324 19660 169.015 37.615 
49388.029125 11.19750671178455370125 0.00000000002554243315 -15597.586825 0.114996 0.077210 0.000000 68.240840 0.068825 49377.896021 49397.897221 19824 158.973 28.422 
49392.591368 11.19750056399244186878 0.00000000002588467748 -15595.540351 0.108111 0.077210 0.000000 68.240840 0.068825 49382.896846 49402.896248 18343 147.700 22.480 
49397.893596 11.19749341947689202925 0.00000000002220876045 -15595.221680 0.105066 0.077210 0.000000 68.240840 0.068825 49387.897534 49407.882733 18316 139.849 18.982 
49403.309288 11.19748612195222747800 0.00000000002249829645 -15596.327033 0.102223 0.077210 0.000000 68.240840 0.068825 49392.898677 49412.869099 18201 142.226 18.892 
49408.767487 11.19747876722314217091 0.00000000002783903038 -15594.805192 0.132503 0.077210 0.000000 68.240840 0.068825 49397.899576 49417.855460 18193 152.577 21.746 
49413.072469 11.19747296720254148283 0.00000000002540687156 -15592.572240 0.112423 0.077210 0.000000 68.240840 0.068825 49403.168181 49423.169209 19658 156.430 24.806 
49418.071982 11.19746623193040235833 0.00000000002596557506 -15591.896645 0.117500 0.077210 0.000000 68.240840 0.068825 49408.169023 49428.170076 19792 162.986 29.496 
49423.062296 11.19745950925182853553 0.00000000002716818728 -15592.466919 0.120081 0.077210 0.000000 68.240840 0.068825 49413.169864 49433.169464 19870 168.431 33.329 
49428.092544 11.19745273233524862633 0.00000000002684387064 -15593.219753 0.120248 0.077210 0.000000 68.240840 0.068825 49418.170718 49438.171751 19878 168.186 36.537 
49433.070507 11.19744602568653313313 0.00000000002675575574 -15593.647548 0.119994 0.077210 0.000000 68.240840 0.068825 49423.171554 49443.172601 19958 169.261 40.737 
49437.286885 11.19744034512183006314 0.00000000003155024855 -15592.902469 0.126112 0.077210 0.000000 68.240840 0.068825 49428.172422 49448.173353 17876 171.843 44.062 
49442.834463 11.19743287133822384760 0.00000000002957150776 -15592.491795 0.136961 0.077210 0.000000 68.240840 0.068825 49433.173264 49453.174378 17805 177.485 48.440 
49447.564332 11.19742649982721616198 0.00000000003608634336 -15590.249607 0.175079 0.077210 0.000000 68.240840 0.068825 49438.174096 49457.527306 16099 183.809 49.615 
49452.691452 11.19741959326219848947 0.00000000004253759057 -15590.273712 0.161045 0.077210 0.000000 68.240840 0.068825 49443.174943 49463.171935 13659 191.887 47.739 
49456.682816 11.19741421760918598238 0.00000000003825479935 -15588.015919 0.186301 0.077210 0.000000 68.240840 0.068825 49448.175695 49468.176269 13505 189.239 40.400 
49463.671623 11.19740480344172084415 0.00000000003480650373 -15591.216182 0.150442 0.077210 0.000000 68.240840 0.068825 49453.176720 49473.177770 12709 193.066 35.176 
49469.704710 11.19739667769125013308 0.00000000004181679424 -15587.971016 0.191815 0.077210 0.000000 68.240840 0.068825 49458.400472 49478.327110 14166 201.942 36.709 
49473.695434 11.19739130295381457358 0.00000000004235192286 -15584.724222 0.162297 0.077210 0.000000 68.240840 0.068825 49463.400490 49483.401108 14064 205.699 38.142 
49478.792568 11.19738443938097738339 0.00000000003595036449 -15587.228117 0.175786 0.077210 0.000000 68.240840 0.068825 49468.987939 49488.989161 16721 220.798 46.359 
49484.046245 11.19737736406564820868 0.00000000004190537956 -15587.309061 0.188344 0.077210 0.000000 68.240840 0.068825 49473.988824 49493.138352 15843 229.979 52.866 
49490.065677 11.19736925751612943714 0.00000000004283777261 -15587.072505 0.198197 0.077210 0.000000 68.240840 0.068825 49479.501288 49499.502548 16879 235.250 58.805 
49494.264331 11.19736360327153867900 0.00000000004204784775 -15586.114794 0.181257 0.077210 0.000000 68.240840 0.068825 49484.502204 49504.503775 16782 237.675 61.147 
49500.104059 11.19735573913161630344 0.00000000003988088226 -15586.255097 0.180208 0.077210 0.000000 68.240840 0.068825 49489.932004 49509.932744 17252 240.224 63.029 
49505.125785 11.19734897638039861079 0.00000000003933366650 -15587.253814 0.174595 0.077210 0.000000 68.240840 0.068825 49494.932892 49514.933910 18394 241.365 61.420 
49510.463539 11.19734178800074353433 0.00000000004371577216 -15586.665434 0.197887 0.077210 0.000000 68.240840 0.068825 49499.933739 49519.934775 18329 243.761 59.615 
49513.953071 11.19733708870519173217 0.00000000004430629925 -15586.398754 0.189435 0.077210 0.000000 68.240840 0.068825 49504.934578 49524.936451 17870 244.426 58.698 
49519.487913 11.19732963515837198543 0.00000000003994878999 -15586.464736 0.182880 0.077210 0.000000 68.240840 0.068825 49509.935087 49529.878481 17808 243.552 55.644 
49524.991171 11.19732222419074574304 0.00000000003954312540 -15585.997356 0.184217 0.077210 0.000000 68.240840 0.068825 49514.936265 49534.937278 17466 245.565 55.007 
49530.266807 11.19731512000405615481 0.00000000004483533642 -15585.219120 0.183492 0.077210 0.000000 68.240840 0.068825 49519.937131 49539.938234 16635 246.799 54.560 
49533.099494 11.19731130567970112111 0.00000000005328093229 -15584.440501 0.278068 0.077210 0.000000 68.240840 0.068825 49524.937349 49541.517115 15364 248.817 55.138 
49537.870282 11.19730488179937211157 0.00000000006525130696 -15584.248649 0.202998 0.077210 0.000000 68.240840 0.068825 49530.188048 49550.189413 12345 253.643 57.019 
49545.941913 11.19729401351555431177 0.00000000004720306274 -15584.631575 0.264667 0.077210 0.000000 68.240840 0.068825 49535.188752 49555.190054 12312 257.350 54.222 
49552.158310 11.19728564359688860463 0.00000000008140750052 -15583.295375 0.234865 0.077210 0.000000 68.240840 0.068825 49540.188885 49559.064653 12091 258.635 50.509 
49567.982284 11.19727393400759574149 0.00000000001774419081 -15651.921835 0.072972 -0.278623 0.000000 68.158376 0.001720 49558.058416 49592.125832 17013 92.627 6.202 
49573.706192 11.19726619284287316702 0.00000000001408918903 -15654.790708 0.064199 -0.278623 0.000000 68.158376 0.001720 49558.058416 49592.125832 17211 84.841 5.984 
49579.092865 11.19725890689378289267 0.00000000001405086289 -15655.023066 0.062405 -0.278623 0.000000 68.158376 0.001720 49558.058416 49592.125832 16266 80.137 5.916 
49583.264196 11.19725326471565729491 0.00000000001865048790 -15655.448291 0.086884 -0.278623 0.000000 68.158376 0.001720 49558.058416 49592.125832 13775 78.205 6.031 
49602.409678 11.19722934160349403498 0.00000000001920485387 -15666.308250 0.087921 0.114059 0.000000 68.127789 0.012185 49592.934047 49611.822892 17129 105.428 10.903 
49607.328406 11.19722268474723136933 0.00000000001845316906 -15661.957418 0.078687 0.117334 0.000000 68.127789 0.012185 49597.934331 49617.935438 17069 104.576 10.948 
49613.167341 11.19721478438104256270 0.00000000001661386647 -15658.189233 0.078049 0.121222 0.000000 68.127789 0.012185 49602.935194 49622.936448 17060 101.946 10.646 
49618.401171 11.19720770445705682050 0.00000000001689991047 -15655.333879 0.071153 0.124707 0.000000 68.127789 0.012185 49607.936095 49627.937367 17568 97.479 9.595 
49623.555500 11.19720073268836557645 0.00000000001529765458 -15654.494890 0.068478 0.128140 0.000000 68.127789 0.012185 49613.592075 49633.593116 19190 92.276 8.404 
49627.855232 11.19719491703178704256 0.00000000001566906625 -15655.264807 0.069831 0.131003 0.000000 68.127789 0.012185 49618.592897 49638.593917 18207 88.826 7.525 
49633.256579 11.19718761098579484781 0.00000000001470512598 -15655.471052 0.065285 0.134599 0.000000 68.127789 0.012185 49623.593738 49643.594761 18076 88.590 6.845 
49638.617728 11.19718035917400200674 0.00000000001562221959 -15656.016445 0.071681 0.138169 0.000000 68.127789 0.012185 49628.594603 49648.595665 18244 94.844 7.003 
49643.717844 11.19717346011514713666 0.00000000002046742600 -15656.639867 0.082697 0.141565 0.000000 68.127789 0.012185 49633.595457 49653.596497 17546 108.968 7.759 
49647.112865 11.19716886765439767260 0.00000000002449719019 -15656.595671 0.099408 0.143826 0.000000 68.127789 0.012185 49638.596259 49658.471222 15885 120.001 8.429 
49653.076457 11.19716080187510698352 0.00000000002224711888 -15651.389150 0.109768 0.147797 0.000000 68.127789 0.012185 49643.597103 49663.598247 15472 138.317 9.863 
49659.197333 11.19715252509426939298 0.00000000002349222100 -15649.564340 0.106749 0.151873 0.000000 68.127789 0.012185 49648.598010 49668.599029 14882 134.767 10.377 
49664.787471 11.19714496603763187466 0.00000000002688822148 -15653.544165 0.118298 0.155595 0.000000 68.127789 0.012185 49653.598836 49673.599831 14689 110.797 9.580 
49668.388257 11.19714009632172668773 0.00000000001962323401 -15652.545440 0.081589 0.157993 0.000000 68.127789 0.012185 49658.887457 49678.628177 16874 95.473 8.615 
49673.284305 11.19713347542155368330 0.00000000001606412569 -15649.999637 0.070638 0.161253 0.000000 68.127789 0.012185 49663.888873 49682.944932 15282 79.636 7.330 
49678.660692 11.19712620592972385225 0.00000000001305836258 -15648.638457 0.059951 0.164833 0.000000 68.127789 0.012185 49668.889900 49688.890827 14816 69.417 6.135 
49683.709800 11.19711937945344892853 0.00000000001241073369 -15648.290616 0.052175 0.168196 0.000000 68.127789 0.012185 49673.890627 49693.892298 14091 67.288 5.867 
49688.533560 11.19711285783070486843 0.00000000001358407899 -15647.481285 0.058652 0.171408 0.000000 68.127789 0.012185 49679.411828 49699.412916 12998 68.051 5.967 
49694.867390 11.19710429507403581795 0.00000000001242310840 -15646.790940 0.055825 0.175625 0.000000 68.127789 0.012185 49684.412678 49704.413745 14426 69.782 6.007 
49699.864856 11.19709753936269081009 0.00000000001540450905 -15645.708350 0.067528 0.178953 0.000000 68.127789 0.012185 49689.413511 49709.414531 13394 71.287 5.922 
49705.389805 11.19709007110740550672 0.00000000001430845564 -15644.427245 0.066340 0.182632 0.000000 68.127789 0.012185 49695.368201 49715.369163 15163 73.836 5.749 
49709.406691 11.19708464161490546473 0.00000000001471176578 -15643.965750 0.068584 0.185307 0.000000 68.127789 0.012185 49700.368984 49720.369698 15053 75.923 5.566 
49714.111716 11.19707828226809631644 0.00000000001827982239 -15643.378589 0.087372 0.188440 0.000000 68.127789 0.012185 49705.369815 49723.018389 12935 78.690 5.434 
49718.721471 11.19707205213600254012 0.00000000001687487398 -15641.779692 0.071097 0.191509 0.000000 68.127789 0.012185 49710.370682 49730.371780 12229 80.551 5.347 
49725.668621 11.19706266388110726950 0.00000000001483004396 -15640.082639 0.069991 0.196135 0.000000 68.127789 0.012185 49715.371507 49735.372571 12505 82.004 5.256 
49729.897126 11.19705695007035473054 0.00000000002037434138 -15639.045324 0.088075 0.198951 0.000000 68.127789 0.012185 49720.372021 49740.324162 11112 82.724 5.332 
49736.031670 11.19704866084563654738 0.00000000001539851837 -15639.151330 0.071123 0.203036 0.000000 68.127789 0.012185 49725.900775 49745.902249 13143 82.029 5.361 
49741.390062 11.19704142049838146988 0.00000000001548844123 -15639.127645 0.071796 0.206604 0.000000 68.127789 0.012185 49730.901853 49750.903097 13733 82.572 5.500 
49747.715045 11.19703287426948890015 0.00000000001664650758 -15638.028216 0.065536 0.210816 0.000000 68.127789 0.012185 49736.256245 49756.257233 14885 81.643 5.567 
49751.419483 11.19702786924933413104 0.00000000001314663493 -15637.173761 0.059903 0.213283 0.000000 68.127789 0.012185 49741.257084 49761.242161 18389 81.389 5.842 
49756.122163 11.19702151573909354454 0.00000000001426045970 -15636.754224 0.059488 0.216414 0.000000 68.127789 0.012185 49746.257925 49766.258940 17667 81.684 6.175 
49761.058257 11.19701484719419148917 0.00000000001319322716 -15636.329644 0.060605 0.219701 0.000000 68.127789 0.012185 49751.258510 49771.259785 18744 81.084 6.387 
49766.417754 11.19700760686046869807 0.00000000001401044828 -15635.224946 0.061164 0.223270 0.000000 68.127789 0.012185 49756.259571 49776.260637 18734 82.989 6.591 
49771.492037 11.19700075224723434530 0.00000000001555852913 -15634.585099 0.069501 0.226649 0.000000 68.127789 0.012185 49761.263358 49781.264397 18374 84.846 6.316 
49775.878172 11.19699482750645280760 0.00000000001456913041 -15633.620963 0.063040 0.229569 0.000000 68.127789 0.012185 49766.264181 49786.265260 18878 87.745 5.935 
49780.442040 11.19698866324249131310 0.00000000001580762481 -15631.898560 0.071156 0.232608 0.000000 68.127789 0.012185 49771.265028 49791.266060 17160 92.119 5.708 
49786.042530 11.19698109940921781913 0.00000000001563266030 -15630.840133 0.070552 0.236338 0.000000 68.127789 0.012185 49776.265879 49796.266982 16438 96.099 5.698 
49790.011316 11.19697573976458571110 0.00000000002078841689 -15630.105155 0.097223 0.238980 0.000000 68.127789 0.012185 49781.266739 49800.313964 13448 96.310 5.803 
49792.893049 11.19697184811688650541 0.00000000003342348540 -15628.925345 0.181990 0.240899 0.000000 68.127789 0.012185 49786.267601 49806.103298 9127 96.462 6.141 
49797.415541 11.19696574117862120090 0.00000000004709380186 -15629.882800 0.114710 0.243911 0.000000 68.127789 0.012185 49791.268404 49811.269539 6901 90.329 6.228 
49809.332329 11.19694964938112313746 0.00000000003337065303 -15627.840645 0.117115 0.251846 0.000000 68.127789 0.012185 49796.269327 49816.270397 6208 79.868 7.560 
49818.037627 11.19693789772762038126 0.00000000002261220150 -15622.592990 0.094101 0.257643 0.000000 68.127789 0.012185 49806.073082 49826.074759 13595 84.768 8.562 
49820.611690 11.19693442354127377314 0.00000000001794577830 -15621.259139 0.078857 0.259357 0.000000 68.127789 0.012185 49811.073166 49831.074766 15793 87.280 8.551 
49825.706733 11.19692754693526204335 0.00000000001460932214 -15620.620306 0.068583 0.262750 0.000000 68.127789 0.012185 49816.074022 49836.074782 17331 89.818 7.920 
49831.235489 11.19692008514413394948 0.00000000001617658024 -15620.969203 0.071891 0.266431 0.000000 68.127789 0.012185 49821.074843 49841.076236 16865 92.322 7.070 
49836.387886 11.19691313152878109349 0.00000000001632387039 -15619.613141 0.069051 0.269862 0.000000 68.127789 0.012185 49826.075658 49846.077647 17041 92.623 6.521 
49840.128075 11.19690808419258765127 0.00000000001618326389 -15618.197572 0.080602 0.272353 0.000000 68.127789 0.012185 49831.075665 49850.026938 17369 91.410 6.219 
49845.231103 11.19690119839258635182 0.00000000001657928654 -15617.052093 0.067102 0.275751 0.000000 68.127789 0.012185 49836.075680 49856.077676 15787 91.527 6.419 
49849.752744 11.19689509730566356893 0.00000000001871096828 -15616.494746 0.084254 0.278762 0.000000 68.127789 0.012185 49841.075680 49861.076266 13506 89.226 6.442 
49855.794272 11.19688694673501316856 0.00000000001716086158 -15612.889336 0.073489 0.282785 0.000000 68.127789 0.012185 49846.077102 49866.077686 12887 89.665 6.833 
49862.571818 11.19687780478973948561 0.00000000001668097078 -15610.234732 0.074226 0.287298 0.000000 68.127789 0.012185 49851.943859 49871.944807 15092 92.474 7.259 
49868.047728 11.19687041904397162284 0.00000000001763787090 -15611.379821 0.075328 0.290944 0.000000 68.127789 0.012185 49856.944651 49876.945636 15994 92.968 7.350 
49871.980731 11.19686511421918595488 0.00000000001611357350 -15610.773053 0.072575 0.293563 0.000000 68.127789 0.012185 49861.945473 49881.938637 17667 92.067 7.428 
49876.735130 11.19685870190916432421 0.00000000001491648748 -15609.532442 0.065173 0.296729 0.000000 68.127789 0.012185 49866.946319 49886.947362 18727 90.048 7.570 
49881.907642 11.19685172601438161166 0.00000000001443353206 -15609.016659 0.065450 0.300173 0.000000 68.127789 0.012185 49871.947159 49891.948177 18668 87.216 7.598 
49886.798330 11.19684513039436168924 0.00000000001468072293 -15608.949670 0.064762 0.303430 0.000000 68.127789 0.012185 49876.947989 49896.948963 18335 86.216 7.627 
49891.439320 11.19683887189170334864 0.00000000001541921968 -15607.160888 0.068470 0.306520 0.000000 68.127789 0.012185 49881.949210 49901.949847 18214 90.916 8.560 
49895.681630 11.19683315160935777044 0.00000000001828604258 -15605.311809 0.072683 0.309345 0.000000 68.127789 0.012185 49886.949715 49906.950733 15804 94.998 9.386 
49900.370999 11.19682682914163329713 0.00000000002170817989 -15604.835866 0.089697 0.312468 0.000000 68.127789 0.012185 49891.950530 49911.503893 13385 102.286 10.993 
49907.204024 11.19681761689361287893 0.00000000001970114409 -15603.617326 0.091193 0.317018 0.000000 68.127789 0.012185 49896.951313 49916.952475 13691 111.968 12.786 
49911.966214 11.19681119678627112535 0.00000000003074098763 -15602.676560 0.142924 0.320189 0.000000 68.127789 0.012185 49901.952199 49920.000686 11309 118.150 13.699 
49890.093487 11.19684068692557765701 0.00000000001683236944 -15607.430745 0.073877 0.092439 0.000000 68.089526 0.012185 49879.999246 49899.981444 18378 100.223 10.385 
49893.806981 11.19683567956799485899 0.00000000001826609636 -15605.665733 0.078727 0.092439 0.000000 68.089526 0.012185 49885.000105 49904.898190 16591 97.854 9.934 
49898.362438 11.19682953743803643931 0.00000000001966127581 -15604.662181 0.082060 0.092439 0.000000 68.089526 0.012185 49890.001504 49909.878726 14297 94.484 9.370 
49904.789892 11.19682087166464334871 0.00000000001681769057 -15604.743831 0.078745 0.092439 0.000000 68.089526 0.012185 49895.001827 49915.002788 13113 90.062 8.334 
49911.522435 11.19681179498729584054 0.00000000001768788258 -15603.396979 0.071811 0.092439 0.000000 68.089526 0.012185 49900.805675 49920.806695 13156 86.693 7.394 
49916.557328 11.19680500719034732526 0.00000000001656364679 -15603.118118 0.067583 0.092439 0.000000 68.089526 0.012185 49905.806511 49925.464698 15564 88.954 7.325 
49920.005707 11.19680035816273999671 0.00000000001722900432 -15604.508262 0.073406 0.092439 0.000000 68.089526 0.012185 49910.807347 49930.808417 15463 90.972 7.143 
49925.922662 11.19679238127506160083 0.00000000001620044068 -15602.846129 0.074878 0.092439 0.000000 68.089526 0.012185 49915.808206 49935.809266 15833 94.262 7.415 
49931.150318 11.19678533394586850136 0.00000000001642608618 -15602.529648 0.073029 0.092439 0.000000 68.089526 0.012185 49920.809036 49940.810034 17093 96.755 7.505 
49936.558735 11.19677804338894766545 0.00000000001952683615 -15602.453931 0.090986 0.092439 0.000000 68.089526 0.012185 49926.174350 49945.290904 16566 97.303 7.365 
49938.188184 11.19677584674860071345 0.00000000002669915945 -15600.335683 0.172259 0.092439 0.000000 68.089526 0.012185 49931.175795 49945.290904 13623 97.391 7.371 
49941.150870 11.19677185347983261465 0.00000000004864602864 -15599.814972 0.118359 0.092439 0.000000 68.089526 0.012185 49936.177169 49954.755865 9106 98.454 7.366 
49947.980567 11.19676264840550317103 0.00000000005287638113 -15599.240817 0.211441 0.092439 0.000000 68.089526 0.012185 49941.178563 49959.371923 5679 98.653 7.780 
49966.903997 11.19673714682121534736 0.00000000002393421013 -15595.930243 0.093992 0.092439 0.000000 68.089526 0.012185 49954.243920 49974.245856 12971 95.952 8.347 
49970.885602 11.19673178187007422935 0.00000000001903809744 -15595.257071 0.082006 0.092439 0.000000 68.089526 0.012185 49959.245280 49979.245904 16262 93.841 8.515 
49975.161652 11.19672602021507579195 0.00000000001519638443 -15594.869586 0.065751 0.092439 0.000000 68.089526 0.012185 49965.253833 49985.255633 19248 90.981 8.343 
49980.336297 11.19671904791538707968 0.00000000001461849529 -15595.076194 0.066293 0.092439 0.000000 68.089526 0.012185 49970.254062 49990.255926 19250 89.152 7.992 
49985.487870 11.19671210666193950090 0.00000000001470249682 -15594.770721 0.063995 0.092439 0.000000 68.089526 0.012185 49975.254895 49995.256599 19216 89.652 7.566 
49989.523753 11.19670666897022393016 0.00000000001712307670 -15593.818522 0.073777 0.092439 0.000000 68.089526 0.012185 49980.255075 50000.207393 16859 90.972 7.225 
49994.846884 11.19669949717147083845 0.00000000001579217630 -15592.930641 0.071808 0.092439 0.000000 68.089526 0.012185 49985.255077 50005.247308 16806 95.071 7.234 
49999.961379 11.19669260677523148217 0.00000000001739562667 -15593.077339 0.079987 0.092439 0.000000 68.089526 0.012185 49990.255380 50010.232716 14932 99.054 7.522 
50006.567577 11.19668370671455548404 0.00000000001955406478 -15592.652605 0.086904 0.092439 0.000000 68.089526 0.012185 49995.256041 50015.219698 14945 101.068 7.862 
50010.964213 11.19667778334538610352 0.00000000001740418268 -15593.433022 0.077135 0.092439 0.000000 68.089526 0.012185 50000.890530 50020.891583 17318 101.755 8.022 
50015.670363 11.19667144289866023144 0.00000000001898273626 -15593.612185 0.077611 0.092439 0.000000 68.089526 0.012185 50005.896537 50025.898297 16085 100.428 8.018 
50020.789292 11.19666454629138740984 0.00000000001559356638 -15593.313200 0.074980 0.092439 0.000000 68.089526 0.012185 50010.896657 50030.893359 17417 97.236 7.822 
50026.464200 11.19665690094814891609 0.00000000001504778651 -15592.484888 0.065807 0.092439 0.000000 68.089526 0.012185 50015.897493 50035.898543 17285 89.154 7.273 
50030.721564 11.19665116547529315483 0.00000000001778705546 -15592.104974 0.087593 0.092439 0.000000 68.089526 0.012185 50020.898277 50038.884499 15959 83.546 6.879 
50035.018148 11.19664537724962194432 0.00000000001502139017 -15592.231083 0.058821 0.092439 0.000000 68.089526 0.012185 50025.899198 50045.900399 16472 79.085 6.597 
50041.056343 11.19663724297697804388 0.00000000001220669103 -15591.332200 0.061502 0.092439 0.000000 68.089526 0.012185 50030.906278 50050.906956 16453 74.621 6.251 
50046.986710 11.19662925452266755144 0.00000000001377806168 -15590.321948 0.053309 0.092439 0.000000 68.089526 0.012185 50035.906680 50055.907856 16603 74.226 6.169 
50051.712210 11.19662288936688732122 0.00000000001275080710 -15589.703512 0.057335 0.092439 0.000000 68.089526 0.012185 50041.947271 50061.948035 18833 75.460 6.271 
50055.808258 11.19661737236330623091 0.00000000001486909777 -15588.893448 0.057312 0.092439 0.000000 68.089526 0.012185 50046.947865 50066.948920 16559 77.101 6.303 
50061.341291 11.19660992005490207646 0.00000000001401568218 -15588.564115 0.070615 0.092439 0.000000 68.089526 0.012185 50051.948665 50071.879026 15848 80.235 6.596 
50066.543642 11.19660291376773919581 0.00000000001612917568 -15586.783095 0.071299 0.092439 0.000000 68.089526 0.012185 50056.949570 50076.950526 13744 83.179 6.733 
50071.241247 11.19659658766101628657 0.00000000002053144866 -15584.884423 0.079297 0.092439 0.000000 68.089526 0.012185 50061.950391 50081.676475 11354 82.084 6.373 
50074.577208 11.19659209560974844067 0.00000000002235095769 -15585.405361 0.084016 0.092439 0.000000 68.089526 0.012185 50066.951280 50086.952296 10211 83.448 6.461 
50083.483779 11.19658010194540054272 0.00000000001706141427 -15586.407994 0.075671 0.092439 0.000000 68.089526 0.012185 50071.952430 50091.953390 10986 78.665 5.662 
50089.745849 11.19657166896660349664 0.00000000002052965329 -15586.394385 0.072081 0.092439 0.000000 68.089526 0.012185 50076.952882 50096.954367 13088 78.028 5.715 
50094.397175 11.19656540506786335243 0.00000000001563070140 -15586.959563 0.069376 0.092439 0.000000 68.089526 0.012185 50083.381258 50103.382466 17514 80.022 5.734 
50098.135264 11.19656037093308498243 0.00000000001364571510 -15586.880557 0.059503 0.092439 0.000000 68.089526 0.012185 50088.382280 50108.383374 19616 81.716 5.566 
50103.023847 11.19655378770002585043 0.00000000001354722595 -15585.913414 0.062705 0.092439 0.000000 68.089526 0.012185 50093.383151 50113.384131 19153 84.426 5.619 
50108.233855 11.19654677220564309437 0.00000000001346089685 -15583.845320 0.060757 0.092439 0.000000 68.089526 0.012185 50098.383953 50118.384931 19169 87.115 5.628 
50113.444210 11.19653975673313439643 0.00000000001330937486 -15583.679677 0.059795 0.092439 0.000000 68.089526 0.012185 50103.384809 50123.385854 19201 83.803 5.707 
50118.018564 11.19653359773418976886 0.00000000001357044616 -15583.676286 0.058971 0.092439 0.000000 68.089526 0.012185 50108.385718 50127.911669 18408 79.111 5.924 
50121.492267 11.19652892062933347006 0.00000000001776033659 -15583.857836 0.061311 0.092439 0.000000 68.089526 0.012185 50113.386475 50133.387542 15159 76.609 5.962 
50127.399190 11.19652096748010627891 0.00000000001525463519 -15583.307569 0.070673 0.092439 0.000000 68.089526 0.012185 50118.388730 50138.389847 14033 78.087 6.410 
50133.799623 11.19651235022567625776 0.00000000001748625546 -15582.307759 0.076675 0.092439 0.000000 68.089526 0.012185 50123.389654 50143.390701 12531 86.621 7.322 
50141.628634 11.19650181026811708307 0.00000000001833574907 -15581.409156 0.082151 0.092439 0.000000 68.089526 0.012185 50132.172253 50152.173263 14828 101.965 8.075 
50146.991696 11.19649459057115059579 0.00000000002124977250 -15580.364327 0.094575 0.092439 0.000000 68.089526 0.012185 50137.173088 50157.174122 13817 109.299 8.278 
50151.562594 11.19648843756742984112 0.00000000002155103608 -15579.644710 0.095429 0.092439 0.000000 68.089526 0.012185 50142.173936 50162.174959 13050 109.470 7.843 
50156.912039 11.19648123672246065041 0.00000000002130477890 -15580.005635 0.097084 0.092439 0.000000 68.089526 0.012185 50147.175016 50167.175795 12890 110.947 7.552 
50162.260766 11.19647403649544159521 0.00000000002218351723 -15581.135725 0.100087 0.092439 0.000000 68.089526 0.012185 50152.175608 50172.176649 12656 111.905 7.532 
50167.473512 11.19646701907861263692 0.00000000002268131155 -15581.140798 0.100332 0.092439 0.000000 68.089526 0.012185 50157.176465 50177.177514 12683 112.938 7.953 
50172.105705 11.19646078324872995324 0.00000000002188078419 -15580.635419 0.098601 0.092439 0.000000 68.089526 0.012185 50162.177300 50182.178373 13336 113.360 8.342 
50177.033063 11.19645415015424383398 0.00000000002287173681 -15580.819934 0.100639 0.092439 0.000000 68.089526 0.012185 50167.178136 50187.179197 13093 112.888 8.486 
50181.876487 11.19644763019343258748 0.00000000002259567667 -15580.310303 0.099524 0.092439 0.000000 68.089526 0.012185 50172.178991 50192.180628 12767 111.786 8.570 
50186.987680 11.19644074987274606769 0.00000000002172877285 -15579.588861 0.098235 0.092439 0.000000 68.089526 0.012185 50177.179859 50197.180603 12628 110.475 8.188 
50190.614110 11.19643586853645800261 0.00000000002802537427 -15578.737214 0.145363 0.092439 0.000000 68.089526 0.012185 50182.180718 50202.182080 10475 110.802 8.048 
50195.635671 11.19642910945091429653 0.00000000002856657455 -15578.633469 0.122235 0.092439 0.000000 68.089526 0.012185 50187.181543 50207.067502 9506 112.340 8.120 
50199.858931 11.19642342494929465602 0.00000000003687522258 -15580.132724 0.145059 0.092439 0.000000 68.089526 0.012185 50192.182988 50212.184893 7503 119.523 8.849 
50204.494184 11.19641718595431179040 0.00000000005185017365 -15576.555123 0.249825 0.092439 0.000000 68.089526 0.012185 50197.184403 50212.653195 4768 133.126 11.038 
50206.602031 11.19641434748354669182 0.00000000009969244987 -15559.882748 0.782333 0.092439 0.000000 68.089526 0.012185 50202.184435 50212.653195 3574 131.724 10.520 
50219.427380 11.19639708732199245844 0.00000000005354716512 -15583.854373 0.384652 0.092439 0.000000 68.089526 0.012185 50207.307578 50227.308657 3223 130.788 12.778 
50227.946714 11.19638562305228468574 0.00000000008283295060 -15574.357963 0.155081 0.092439 0.000000 68.089526 0.012185 50212.309023 50232.309612 6557 119.484 11.772 
50232.787770 11.19637910905792743677 0.00000000017119200428 -15568.881475 0.727797 0.092439 0.000000 68.089526 0.012185 50225.209510 50245.210951 12761 683.152 380.577 
50236.929086 11.19637353592948514347 0.00000000024604660963 -15575.113398 0.945748 0.092439 0.000000 68.089526 0.012185 50230.209749 50247.068354 10132 762.271 479.862 
50244.438624 11.19636342988682642385 0.00000000016790329195 -15577.548479 0.810634 0.092439 0.000000 68.089526 0.012185 50235.210253 50255.211435 8936 813.086 627.273 
50253.905821 11.19635069005047789403 0.00000000025200337279 -15572.307144 0.879769 0.092439 0.000000 68.089526 0.012185 50240.210663 50260.212320 9724 704.199 580.057 
50257.381460 11.19634601385438266163 0.00000000005518903712 -15573.146099 0.186319 0.092439 0.000000 68.089526 0.012185 50245.211444 50265.213150 14131 233.549 68.889 
50260.174783 11.19634225534808535940 0.00000000005179686669 -15573.593705 0.257439 0.092439 0.000000 68.089526 0.012185 50251.978581 50271.980378 15208 225.050 66.595 
50266.355243 11.19633393943273524940 0.00000000002197413556 -15572.746799 0.098681 0.092439 0.000000 68.089526 0.012185 50256.979833 50276.980826 15570 121.370 19.616 
50272.382664 11.19632582976559653787 0.00000000002160648712 -15572.113443 0.101235 0.092439 0.000000 68.089526 0.012185 50261.980663 50281.981577 15155 123.951 19.597 
50278.234234 11.19631795702803422898 0.00000000002930606966 -15571.395652 0.118122 0.092439 0.000000 68.089526 0.012185 50266.981391 50286.983092 14473 123.794 17.699 
50281.889760 11.19631303904946761918 0.00000000002036065582 -15570.975013 0.088323 0.092439 0.000000 68.089526 0.012185 50271.982723 50291.984614 18382 122.691 16.037 
50287.263089 11.19630581011525904955 0.00000000002063716322 -15570.996293 0.096656 0.092439 0.000000 68.089526 0.012185 50276.983173 50296.984032 18338 119.976 13.280 
50289.797083 11.19630240110223162731 0.00000000002963912687 -15570.664759 0.166830 0.092439 0.000000 68.089526 0.012185 50281.983923 50297.239723 14317 118.545 11.936 
50295.523676 11.19629469744085170646 0.00000000002432874698 -15569.262962 0.095239 0.092439 0.000000 68.089526 0.012185 50286.983980 50306.985756 13945 116.345 10.068 
50302.567987 11.19628522132474834905 0.00000000002048299185 -15570.096789 0.105170 0.092439 0.000000 68.089526 0.012185 50291.984053 50311.984926 13490 116.077 9.033 
50309.822094 11.19627546277309271261 0.00000000003147200972 -15569.593006 0.122279 0.092439 0.000000 68.089526 0.012185 50296.984924 50316.985803 13391 119.393 9.560 
50313.168853 11.19627096077400629781 0.00000000002091449439 -15568.938820 0.093057 0.092439 0.000000 68.089526 0.012185 50303.201504 50323.202454 18832 124.228 10.755 
50315.688228 11.19626757179091569583 0.00000000003177734526 -15568.964611 0.185003 0.092439 0.000000 68.089526 0.012185 50308.201839 50323.376383 14533 126.658 11.634 
50320.990781 11.19626043899213918564 0.00000000003866872278 -15568.600416 0.124623 0.092439 0.000000 68.089526 0.012185 50313.202985 50333.203870 12024 138.155 14.472 
50327.410594 11.19625180361145844188 0.00000000002971283109 -15568.408001 0.171131 0.092439 0.000000 68.089526 0.012185 50318.204180 50338.205142 9908 154.071 19.036 
50336.763250 11.19623922277217253907 0.00000000004681132941 -15569.505435 0.176716 0.092439 0.000000 68.089526 0.012185 50323.204802 50343.205774 10414 149.610 20.406 
50339.798848 11.19623513944100601236 0.00000000002861060851 -15568.973971 0.116023 0.092439 0.000000 68.089526 0.012185 50329.226850 50349.228196 14499 142.345 18.406 
50344.766142 11.19622845849504599869 0.00000000002550772385 -15566.118690 0.117502 0.092439 0.000000 68.089526 0.012185 50334.228130 50354.228945 15516 133.054 15.998 
50349.212848 11.19622247827825844979 0.00000000002036589150 -15564.977638 0.093141 0.092439 0.000000 68.089526 0.012185 50339.228881 50359.229789 16938 124.128 13.551 
50354.760866 11.19621501686171427536 0.00000000002233983694 -15566.395564 0.099408 0.092439 0.000000 68.089526 0.012185 50344.230106 50364.231269 16151 123.095 12.888 
50359.214221 11.19620902684435215235 0.00000000002246474237 -15568.303796 0.101457 0.092439 0.000000 68.089526 0.012185 50349.230528 50369.000359 17086 129.408 14.315 
50379.105449 11.19620611603554216629 0.00000000080665993443 -15874.812218 3.631371 0.328348 0.000000 68.043295 0.025305 50368.999800 50389.001797 19659 4872.022 33627.334 
50382.810887 11.19620105389392072937 0.00000000001636480513 -15709.597337 0.082437 0.325289 0.000000 68.043295 0.025305 50374.000275 50391.190327 16910 78.690 9.261 
50388.457660 11.19619339378328604084 0.00000000001261254747 -15693.986729 0.054129 0.320628 0.000000 68.043295 0.025305 50379.000936 50399.001960 17257 72.776 7.994 
50393.828651 11.19618611254335149852 0.00000000001225272542 -15685.914339 0.058939 0.316195 0.000000 68.043295 0.025305 50384.001936 50404.003105 16260 73.191 7.584 
50400.013613 11.19617773133977678413 0.00000000001392518537 -15682.191329 0.054572 0.311089 0.000000 68.043295 0.025305 50389.002689 50409.003640 16252 75.108 7.304 
50403.438916 11.19617309057387366522 0.00000000001377233687 -15680.337326 0.062426 0.308262 0.000000 68.043295 0.025305 50394.045739 50414.046691 17287 76.715 7.166 
50407.976525 11.19616694358345654337 0.00000000001602837985 -15677.617036 0.069235 0.304516 0.000000 68.043295 0.025305 50399.046230 50419.047869 14936 78.178 6.989 
50413.818395 11.19615903130727652126 0.00000000001286696675 -15674.398164 0.062996 0.299694 0.000000 68.043295 0.025305 50404.047407 50423.969004 15795 78.934 6.760 
50419.490663 11.19615135011401108045 0.00000000001424338838 -15672.079105 0.059982 0.295012 0.000000 68.043295 0.025305 50409.047921 50429.048880 13881 79.208 6.772 
50425.086157 11.19614377378968050891 0.00000000001335538038 -15670.532729 0.061267 0.290393 0.000000 68.043295 0.025305 50414.049034 50434.049978 15668 73.932 6.502 
50428.575046 11.19613905026406719401 0.00000000001397300180 -15669.427164 0.068061 0.287513 0.000000 68.043295 0.025305 50419.050216 50437.065347 16042 71.086 6.401 
50431.627025 11.19613491843258579195 0.00000000002630339952 -15667.901077 0.208401 0.284994 0.000000 68.043295 0.025305 50425.924422 50437.065347 11158 68.192 6.360 
50439.480683 11.19612428767062795032 0.00000000001590903758 -15665.956118 0.084632 0.278511 0.000000 68.043295 0.025305 50430.925681 50450.927026 10028 66.198 5.902 
50448.471562 11.19611211928624427969 0.00000000002520002953 -15663.276887 0.066075 0.271090 0.000000 68.043295 0.025305 50435.926874 50455.928043 8130 69.601 5.874 
50456.741716 11.19610092805564072194 0.00000000001341243560 -15660.890245 0.056401 0.264263 0.000000 68.043295 0.025305 50446.000571 50465.985707 16895 75.443 5.748 
50459.283214 11.19609748920048275522 0.00000000002189943936 -15660.002595 0.115008 0.262165 0.000000 68.043295 0.025305 50451.001722 50465.985707 12977 77.191 5.646 
50461.138114 11.19609497947574539012 0.00000000003569892715 -15657.194232 0.327668 0.260634 0.000000 68.043295 0.025305 50456.002744 50465.985707 9852 78.798 5.619 
50463.653471 11.19609157659957077158 0.00000000010815246301 -15658.074507 2.002907 0.258558 0.000000 68.043295 0.025305 50461.271232 50465.985707 4921 81.853 5.688 
50492.582487 11.19605243703079722195 0.00000000003685318618 -15656.817944 0.092946 0.234679 0.000000 68.043295 0.025305 50486.202951 50506.203742 8183 93.517 6.174 
50503.036268 11.19603829625319590946 0.00000000002729343768 -15656.055626 0.127497 0.226050 0.000000 68.043295 0.025305 50491.203716 50511.204465 8399 92.778 6.746 
50509.274329 11.19602985857995136598 0.00000000003647865757 -15654.354956 0.104237 0.220900 0.000000 68.043295 0.025305 50496.204513 50516.205243 9197 90.968 7.192 
50514.216191 11.19602317490734222361 0.00000000001787897613 -15652.876477 0.075616 0.216821 0.000000 68.043295 0.025305 50505.197323 50525.197973 14313 92.760 7.309 
50520.624666 11.19601450851684276699 0.00000000002073848129 -15652.219160 0.097453 0.211531 0.000000 68.043295 0.025305 50510.198231 50530.200175 14268 121.336 12.762 
50526.351501 11.19600676409873507566 0.00000000002174423642 -15651.480547 0.091878 0.206804 0.000000 68.043295 0.025305 50515.415169 50535.416013 15603 115.791 12.294 
50530.652557 11.19600094881710816708 0.00000000002253457926 -15647.524199 0.093900 0.203254 0.000000 68.043295 0.025305 50520.416521 50540.417840 15739 114.176 12.790 
50533.882367 11.19599658189034840916 0.00000000002479704047 -15644.921155 0.104581 0.200588 0.000000 68.043295 0.025305 50525.416737 50545.417396 14395 110.951 12.826 
50540.376258 11.19598780307856422667 0.00000000001517829762 -15648.294781 0.070316 0.195227 0.000000 68.043295 0.025305 50530.417498 50550.418266 14913 89.207 8.398 
50546.619115 11.19597936283192218809 0.00000000001779359141 -15647.532299 0.078518 0.190074 0.000000 68.043295 0.025305 50535.418339 50555.419236 15062 91.185 8.644 
50550.917624 11.19597355180753517345 0.00000000001923389740 -15646.263617 0.081762 0.186526 0.000000 68.043295 0.025305 50540.418727 50559.086399 15258 90.011 8.450 
50552.156891 11.19597187649922709340 0.00000000002528765738 -15645.304927 0.169169 0.185503 0.000000 68.043295 0.025305 50545.419720 50559.086399 13333 89.987 8.371 
50559.268700 11.19596226300308217105 0.00000000001869035339 -15645.059158 0.081883 0.179633 0.000000 68.043295 0.025305 50550.420589 50570.421342 12563 86.894 7.688 
50566.976262 11.19595184531507570114 0.00000000001993243568 -15642.522528 0.076020 0.173271 0.000000 68.043295 0.025305 50555.421570 50575.422142 12769 86.265 7.260 
50575.869520 11.19593982699925582835 0.00000000001431261480 -15640.255891 0.063292 0.165930 0.000000 68.043295 0.025305 50565.984480 50585.985239 18957 89.069 7.490 
50580.839469 11.19593311119333201020 0.00000000001452079089 -15639.534179 0.066078 0.161827 0.000000 68.043295 0.025305 50570.985246 50590.985997 19112 90.067 7.921 
50585.616559 11.19592665630550776257 0.00000000001573311100 -15638.576343 0.070075 0.157884 0.000000 68.043295 0.025305 50575.986016 50595.978157 18220 91.131 8.491 
50588.075479 11.19592333392218996835 0.00000000002372434728 -15638.030693 0.136767 0.155854 0.000000 68.043295 0.025305 50580.986804 50596.371387 14084 91.065 8.618 
50590.651180 11.19591985386938226554 0.00000000004457805130 -15637.824038 0.361251 0.153728 0.000000 68.043295 0.025305 50585.987562 50596.371387 9100 92.074 9.048 
50593.211527 11.19591639457044607298 0.00000000013353820790 -15637.244006 1.868257 0.151615 0.000000 68.043295 0.025305 50590.988318 50596.371387 4295 93.332 9.385 
50699.025982 11.19577346493081648759 0.00000000004106586107 -15629.936069 0.329639 0.064270 0.000000 68.043295 0.025305 50693.183680 50704.736297 7186 93.141 5.833 
51302.441312 11.19495999897730165173 0.00000000002306934326 -15577.078251 0.096497 0.125980 0.000000 68.017405 0.000185 51293.995332 51313.052320 5344 74.289 6.613 
51306.605540 11.19495439460961527800 0.00000000003079482449 -15576.674691 0.171760 0.125980 0.000000 68.017405 0.000185 51299.184058 51315.206185 4148 78.023 7.051 
51312.958962 11.19494584392875147216 0.00000000003846657031 -15577.188881 0.118234 0.125980 0.000000 68.017405 0.000185 51305.210505 51324.634831 3097 80.168 7.440 
51321.825007 11.19493391228645506885 0.00000000003680062394 -15574.606346 0.195509 0.125980 0.000000 68.017405 0.000185 51310.211615 51330.127933 3281 78.365 8.179 
51334.222668 11.19491722775262232403 0.00000000002086870554 -15577.187772 0.084474 0.125980 0.000000 68.017405 0.000185 51322.956755 51342.957863 7392 71.178 7.261 
51339.592352 11.19491000129771762772 0.00000000001782279506 -15575.823842 0.069862 0.125980 0.000000 68.017405 0.000185 51327.957541 51347.958628 9899 71.462 6.939 
51342.317956 11.19490633344591401510 0.00000000001601513064 -15574.694030 0.073491 0.125980 0.000000 68.017405 0.000185 51332.958584 51351.541405 10905 71.515 6.691 
51345.443177 11.19490212811163054596 0.00000000002750752476 -15573.417617 0.120746 0.125980 0.000000 68.017405 0.000185 51338.161269 51357.304311 7825 73.300 6.670 
51353.220408 11.19489166446527939058 0.00000000001291431559 -15570.678134 0.078782 0.125980 0.000000 68.017405 0.000185 51343.161489 51363.162644 9761 70.551 6.424 
51360.948865 11.19488126713204678708 0.00000000002255399778 -15570.918521 0.071374 0.125980 0.000000 68.017405 0.000185 51348.162240 51367.516938 9962 65.825 6.307 
51366.188345 11.19487421736706345143 0.00000000001643774038 -15575.035437 0.070734 0.125980 0.000000 68.017405 0.000185 51357.174428 51376.086243 12661 64.699 6.621 
51369.835584 11.19486930967530291525 0.00000000001788958527 -15573.115293 0.060421 0.125980 0.000000 68.017405 0.000185 51362.175690 51382.086001 10594 65.385 7.099 
51376.281085 11.19486063755730498315 0.00000000001612204155 -15570.367980 0.068452 0.125980 0.000000 68.017405 0.000185 51367.175771 51387.176371 8011 65.306 7.259 
51382.463305 11.19485232086233850168 0.00000000001826383703 -15569.778941 0.087178 0.125980 0.000000 68.017405 0.000185 51372.204636 51391.948941 7219 64.357 7.099 
51389.368272 11.19484303202811581457 0.00000000001665419977 -15569.811500 0.071717 0.125980 0.000000 68.017405 0.000185 51377.962241 51397.963836 8667 65.254 6.907 
51394.778248 11.19483575472754210978 0.00000000001426039344 -15568.394096 0.065344 0.125980 0.000000 68.017405 0.000185 51383.326627 51403.311637 10833 64.863 6.887 
51399.481509 11.19482942849043460853 0.00000000001393630432 -15567.662758 0.057049 0.125980 0.000000 68.017405 0.000185 51388.326685 51408.291104 11363 63.098 7.004 
51401.294587 11.19482698984640478557 0.00000000001702466381 -15567.403064 0.079332 0.125980 0.000000 68.017405 0.000185 51393.326825 51413.328778 10454 63.407 7.220 
51407.165670 11.19481909340899683514 0.00000000001685913127 -15566.364296 0.064829 0.125980 0.000000 68.017405 0.000185 51398.326917 51418.269843 9344 63.922 8.094 
51414.107941 11.19480975686757240339 0.00000000001523333485 -15565.087891 0.072407 0.125980 0.000000 68.017405 0.000185 51403.693144 51423.694588 8983 66.723 8.971 
51419.093825 11.19480305165301103898 0.00000000002848752226 -15565.128879 0.123558 0.125980 0.000000 68.017405 0.000185 51409.156582 51425.050132 7285 69.980 9.446 
51434.778223 11.19478234660363114017 0.00000000001483208225 -15601.710785 0.065009 0.289651 0.000000 68.001537 0.000185 51425.049591 51445.051578 12769 73.130 7.676 
51438.714535 11.19477704110739502141 0.00000000001763548103 -15597.623493 0.071701 0.289651 0.000000 68.001537 0.000185 51430.050389 51450.051487 10841 76.395 7.562 
51443.879328 11.19477008172474796766 0.00000000001718333584 -15592.258595 0.072635 0.289651 0.000000 68.001537 0.000185 51435.050933 51455.052863 10036 76.499 7.042 
51450.109999 11.19476168926420101002 0.00000000001678155002 -15586.354745 0.078357 0.289651 0.000000 68.001537 0.000185 51440.052171 51460.053512 8749 75.500 6.750 
51456.003963 11.19475375311920650745 0.00000000002067148348 -15582.233540 0.087597 0.289651 0.000000 68.001537 0.000185 51445.052496 51465.053997 7963 75.984 7.037 
51458.669922 11.19475016423580271407 0.00000000002429065852 -15578.786140 0.101323 0.289651 0.000000 68.001537 0.000185 51450.053826 51469.636059 7156 75.831 7.106 
51464.265693 11.19474263294028482107 0.00000000002161939354 -15575.421232 0.101382 0.289651 0.000000 68.001537 0.000185 51455.055227 51473.841614 6678 75.115 7.367 
51467.641607 11.19473809007098985546 0.00000000003112001872 -15574.081942 0.244413 0.289651 0.000000 68.001537 0.000185 51460.055887 51476.979867 4492 75.657 7.774 
51476.946461 11.19472556962148956927 0.00000000002133805761 -15573.160949 0.106220 0.289651 0.000000 68.001537 0.000185 51465.056372 51485.057066 4843 65.706 7.586 
51483.279513 11.19471705006761297341 0.00000000002028113445 -15568.797854 0.070874 0.289651 0.000000 68.001537 0.000185 51471.507542 51491.176684 8801 63.867 8.794 
51487.233037 11.19471173230906835272 0.00000000002300466473 -15566.233377 0.103836 0.289651 0.000000 68.001537 0.000185 51476.940239 51496.942077 8266 64.076 9.761 
51489.777816 11.19470830990524135018 0.00000000002751763367 -15566.724110 0.132145 0.289651 0.000000 68.001537 0.000185 51481.940343 51498.040804 7960 66.667 11.062 
51493.963637 11.19470268010136138059 0.00000000002499200861 -15567.302961 0.079999 0.289651 0.000000 68.001537 0.000185 51486.940505 51506.021070 6380 68.591 11.958 
51504.275719 11.19468881111534486195 0.00000000002199917696 -15565.448879 0.092560 0.289651 0.000000 68.001537 0.000185 51491.941304 51511.942853 6533 68.967 10.215 
51510.075923 11.19468101045387875558 0.00000000002494607397 -15565.045774 0.061801 0.289651 0.000000 68.001537 0.000185 51496.941535 51516.943419 9321 67.758 7.978 
51515.625949 11.19467354665422398341 0.00000000001353544550 -15564.719413 0.055589 0.289651 0.000000 68.001537 0.000185 51505.009602 51524.978050 14076 67.865 6.691 
51519.633881 11.19466815685169436279 0.00000000001287088281 -15564.173906 0.056557 0.289651 0.000000 68.001537 0.000185 51510.010354 51529.958396 14426 70.234 6.500 
51524.670576 11.19466138379523911794 0.00000000001364408437 -15564.205378 0.067152 0.289651 0.000000 68.001537 0.000185 51515.014694 51534.060838 13551 72.144 6.725 
51529.882328 11.19465437519596662241 0.00000000001463083035 -15564.761859 0.067610 0.289651 0.000000 68.001537 0.000185 51520.398780 51538.937169 12714 70.630 6.788 
51532.586236 11.19465073914100017305 0.00000000002512823698 -15565.077460 0.175342 0.289651 0.000000 68.001537 0.000185 51526.359846 51538.937169 9232 69.386 6.772 
51538.339345 11.19464300265512868293 0.00000000002647488987 -15563.419607 0.093081 0.289651 0.000000 68.001537 0.000185 51531.360794 51551.361846 7209 68.104 7.005 
51547.130342 11.19463118201851159483 0.00000000001661555259 -15562.334021 0.075270 0.289651 0.000000 68.001537 0.000185 51536.361870 51556.362771 6650 67.058 6.651 
51554.142086 11.19462175429761430223 0.00000000003687363673 -15562.008219 0.222368 0.289651 0.000000 68.001537 0.000185 51546.997657 51559.316209 6893 68.793 6.564 
51566.511849 11.19463981579610134531 0.00000000016353359567 -15859.550193 0.565213 0.302469 0.000000 67.967208 0.000185 51559.315667 51579.317019 8167 464.881 278.742 
51575.699768 11.19462727318549966071 0.00000000004436486420 -15741.434183 0.177547 0.295859 0.000000 67.967208 0.000185 51564.316743 51583.812679 7578 149.674 29.593 
51584.411057 11.19461544137852371250 0.00000000002342368034 -15703.868962 0.094693 0.289591 0.000000 67.967208 0.000185 51575.224695 51595.225433 9681 98.173 13.198 
51590.453717 11.19460724528971873326 0.00000000001829253773 -15692.805449 0.090336 0.285244 0.000000 67.967208 0.000185 51580.224764 51600.223847 10522 89.814 11.116 
51596.786005 11.19459866222930877200 0.00000000002214095812 -15685.129773 0.080341 0.280688 0.000000 67.967208 0.000185 51585.225679 51605.225098 10545 84.005 9.401 
51600.351934 11.19459383090964266216 0.00000000001910398545 -15679.116221 0.084928 0.278123 0.000000 67.967208 0.000185 51590.226037 51610.227587 11505 83.390 8.995 
51603.089844 11.19459012202299774685 0.00000000002146438532 -15676.362091 0.112567 0.276153 0.000000 67.967208 0.000185 51595.226351 51612.164299 10410 82.837 8.716 
51608.306973 11.19458305644720574890 0.00000000002318951109 -15673.111897 0.083724 0.272399 0.000000 67.967208 0.000185 51600.227716 51620.227031 8680 85.525 9.020 
51614.572274 11.19457457303219172218 0.00000000002235282498 -15669.412046 0.110006 0.267892 0.000000 67.967208 0.000185 51605.228977 51625.230087 6974 88.386 9.341 
51621.108341 11.19456572508884484307 0.00000000002790367129 -15666.589048 0.104180 0.263189 0.000000 67.967208 0.000185 51610.229984 51630.229067 6650 88.518 9.102 
51627.604532 11.19455693255867601010 0.00000000001869284808 -15664.301233 0.080860 0.258515 0.000000 67.967208 0.000185 51617.110782 51637.111880 9460 84.461 8.494 
51633.401258 11.19454908791173330940 0.00000000001649523521 -15661.871802 0.073253 0.254345 0.000000 67.967208 0.000185 51623.190285 51643.191752 10937 77.500 7.639 
51636.630323 11.19454471855094546129 0.00000000002433859506 -15660.670423 0.131206 0.252022 0.000000 67.967208 0.000185 51628.191269 51645.144357 8698 75.061 7.419 
51638.843137 11.19454172438947026080 0.00000000003593236649 -15661.774532 0.120839 0.250430 0.000000 67.967208 0.000185 51633.198155 51653.199102 6650 73.005 7.255 
51646.814818 11.19453093788794539876 0.00000000002286592431 -15659.757511 0.126880 0.244695 0.000000 67.967208 0.000185 51638.199093 51658.200098 5888 77.450 7.569 
51655.550941 11.19451911928557841236 0.00000000004006158699 -15656.107063 0.105781 0.238409 0.000000 67.967208 0.000185 51643.200042 51663.200734 4346 83.752 7.750 
51663.482886 11.19450838902551836895 0.00000000002020679312 -15656.970906 0.092736 0.232703 0.000000 67.967208 0.000185 51652.184221 51672.152099 9290 83.128 8.105 
51668.523281 11.19450157098100362418 0.00000000001897660590 -15655.244392 0.076305 0.229076 0.000000 67.967208 0.000185 51657.184833 51677.185942 10794 78.960 8.086 
51672.256059 11.19449652205033451935 0.00000000001529537373 -15654.402610 0.069039 0.226391 0.000000 67.967208 0.000185 51662.185597 51681.541661 12756 73.841 7.731 
51676.954683 11.19449016704260202459 0.00000000001401452767 -15654.146352 0.059635 0.223010 0.000000 67.967208 0.000185 51667.186292 51687.187598 12743 68.261 7.363 
51681.469455 11.19448406085786551500 0.00000000001349884454 -15653.436573 0.064951 0.219762 0.000000 67.967208 0.000185 51672.216998 51691.342343 12153 63.528 6.855 
51685.692845 11.19447834898725169239 0.00000000001517297512 -15653.247498 0.062199 0.216724 0.000000 67.967208 0.000185 51677.217484 51697.218709 10127 60.332 6.550 
51692.186274 11.19446956731629327919 0.00000000001335158600 -15651.971739 0.062460 0.212052 0.000000 67.967208 0.000185 51682.980910 51702.982008 10198 62.575 6.949 
51698.406002 11.19446115703427047094 0.00000000001569084591 -15649.092857 0.066176 0.207577 0.000000 67.967208 0.000185 51687.981627 51707.982331 9427 67.014 7.446 
51702.946437 11.19445501800719178220 0.00000000001803779879 -15648.048523 0.076934 0.204310 0.000000 67.967208 0.000185 51693.186524 51713.113142 9383 70.418 7.657 
51706.970219 11.19444957770427073740 0.00000000001986224372 -15649.465534 0.077663 0.201415 0.000000 67.967208 0.000185 51698.187611 51718.189044 8601 73.509 7.547 
51711.923318 11.19444288085282757095 0.00000000002075508706 -15647.380894 0.085345 0.197852 0.000000 67.967208 0.000185 51703.427369 51723.429160 7345 75.641 7.362 
51719.320164 11.19443288175428286024 0.00000000001931133975 -15644.416125 0.087936 0.192530 0.000000 67.967208 0.000185 51708.428156 51728.416197 6769 74.810 6.772 
51725.407910 11.19442465296556932230 0.00000000002008601833 -15644.578621 0.084559 0.188150 0.000000 67.967208 0.000185 51714.104567 51734.105653 7723 72.347 6.513 
51731.193239 11.19441683267770493160 0.00000000001606270960 -15645.514175 0.071118 0.183988 0.000000 67.967208 0.000185 51720.997924 51740.998941 9481 69.303 6.269 
51736.119103 11.19441017430780505038 0.00000000001603377782 -15644.070097 0.070990 0.180444 0.000000 67.967208 0.000185 51725.999001 51746.000421 9603 68.824 6.195 
51741.188274 11.19440332301229013012 0.00000000001590403856 -15642.371329 0.070015 0.176797 0.000000 67.967208 0.000185 51730.999220 51750.999855 10001 70.408 6.243 
51746.477194 11.19439617521263663491 0.00000000001630531666 -15641.423481 0.076601 0.172992 0.000000 67.967208 0.000185 51736.000366 51756.002066 10280 72.047 6.201 
51751.082464 11.19438995155440075280 0.00000000001662760422 -15641.431053 0.072998 0.169679 0.000000 67.967208 0.000185 51741.001281 51761.002563 10390 74.447 6.328 
51755.817930 11.19438355217437397471 0.00000000001626445377 -15640.426024 0.072671 0.166272 0.000000 67.967208 0.000185 51746.001338 51766.003280 10607 75.180 6.361 
51760.875538 11.19437671788236698944 0.00000000001558094760 -15639.225349 0.071941 0.162633 0.000000 67.967208 0.000185 51751.002253 51770.228408 10567 73.605 6.401 
51763.601984 11.19437303390052385055 0.00000000002490157978 -15639.089969 0.159240 0.160671 0.000000 67.967208 0.000185 51756.002982 51770.228408 7734 72.882 6.398 
51765.948216 11.19436986366576292085 0.00000000004467060422 -15638.678961 0.449363 0.158983 0.000000 67.967208 0.000185 51761.003480 51770.228408 5267 71.776 6.423 
51770.637811 11.19436352685279878472 0.00000000010529663583 -15639.164598 0.202749 0.155609 0.000000 67.967208 0.000185 51766.004197 51786.002575 3053 69.087 6.843 
51795.203268 11.19433033263162080573 0.00000000001549518056 -15640.394903 0.093242 0.137936 0.000000 67.967208 0.000185 51784.128618 51804.130110 9463 75.072 10.549 
51801.092629 11.19432237621026615670 0.00000000002151517550 -15634.816070 0.071724 0.133698 0.000000 67.967208 0.000185 51789.129787 51809.130410 10293 75.497 10.847 
51805.693963 11.19431616077510227569 0.00000000002010234145 -15633.152757 0.108209 0.130388 0.000000 67.967208 0.000185 51794.130923 51814.131544 11301 72.259 10.201 
51808.880399 11.19431185653278859604 0.00000000001212076547 -15635.047688 0.054152 0.128096 0.000000 67.967208 0.000185 51799.139405 51819.140561 14891 67.690 8.854 
51812.637195 11.19430678165183756789 0.00000000001636279118 -15634.938777 0.066539 0.125393 0.000000 67.967208 0.000185 51804.139718 51824.140410 11383 67.690 8.751 
51818.230781 11.19429922579999114873 0.00000000001508595423 -15633.739619 0.060900 0.121368 0.000000 67.967208 0.000185 51809.139984 51829.141406 10444 67.465 8.242 
51824.337665 11.19429097710361098450 0.00000000001356863248 -15632.953191 0.070667 0.116975 0.000000 67.967208 0.000185 51814.141268 51834.142690 10672 67.567 7.536 
51829.505963 11.19428399636068682810 0.00000000003200061935 -15633.585726 0.190280 0.113256 0.000000 67.967208 0.000185 51819.141454 51835.124843 7475 71.198 7.627 
51833.247828 11.19427894215743712891 0.00000000001881465687 -15632.982827 0.077847 0.110564 0.000000 67.967208 0.000185 51824.142785 51843.103304 9044 70.803 7.433 
51839.042324 11.19427111621007497888 0.00000000001455171644 -15630.699382 0.076816 0.106395 0.000000 67.967208 0.000185 51829.143780 51849.144391 9153 71.594 7.385 
51846.323101 11.19426128304493417431 0.00000000001968628348 -15631.669146 0.068302 0.101157 0.000000 67.967208 0.000185 51834.145077 51854.146139 9067 69.954 6.795 
51849.716402 11.19425669982202542485 0.00000000001562890063 -15633.678025 0.074338 0.098716 0.000000 67.967208 0.000185 51840.127750 51858.173662 11145 67.023 6.234 
51854.590908 11.19425011542350745231 0.00000000001401705008 -15634.007290 0.059113 0.095209 0.000000 67.967208 0.000185 51845.170170 51865.107123 11755 67.030 6.267 
51860.538259 11.19424208240873497289 0.00000000001266148138 -15632.429838 0.062115 0.090930 0.000000 67.967208 0.000185 51850.175609 51870.141347 12172 66.603 6.550 
51866.226650 11.19423439976698375631 0.00000000001392079304 -15630.844590 0.058022 0.086837 0.000000 67.967208 0.000185 51855.176767 51875.127424 12677 66.734 7.202 
51870.684848 11.19422837881651844327 0.00000000001312317392 -15631.143945 0.056151 0.083630 0.000000 67.967208 0.000185 51860.440887 51880.442169 14280 66.276 7.347 
51874.979979 11.19422257816059484981 0.00000000001317445936 -15631.034671 0.057222 0.080540 0.000000 67.967208 0.000185 51865.441963 51885.441915 14430 66.362 7.340 
51879.942603 11.19421587626295711004 0.00000000001312040608 -15629.936311 0.058559 0.076969 0.000000 67.967208 0.000185 51870.442681 51890.442887 14001 68.012 7.234 
51885.010731 11.19420903232606967492 0.00000000001371200875 -15629.048807 0.062681 0.073323 0.000000 67.967208 0.000185 51875.443572 51895.444635 13286 70.511 6.857 
51889.862162 11.19420248128967898538 0.00000000001541519734 -15628.590284 0.066719 0.069833 0.000000 67.967208 0.000185 51880.444533 51900.445294 12012 74.629 6.910 
51895.362145 11.19419505471711673295 0.00000000001437488149 -15627.980917 0.068223 0.065876 0.000000 67.967208 0.000185 51885.445760 51905.442633 12453 76.491 7.206 
51898.121015 11.19419132954159223914 0.00000000002302919430 -15627.855603 0.145063 0.063891 0.000000 67.967208 0.000185 51890.446720 51905.668130 9141 77.606 7.432 
51905.056738 11.19418196445503532743 0.00000000001765866408 -15628.060332 0.079543 0.058901 0.000000 67.967208 0.000185 51895.446998 51915.448142 9074 73.070 7.419 
51910.736592 11.19417429534405350466 0.00000000001604535012 -15627.317371 0.082265 0.054814 0.000000 67.967208 0.000185 51900.447681 51920.448766 9654 69.584 7.432 
51918.019248 11.19416446258572683803 0.00000000002184076813 -15626.481894 0.133390 0.049575 0.000000 67.967208 0.000185 51905.448815 51925.449577 9512 66.814 7.103 
51920.011976 11.19416177216946728379 0.00000000001529065244 -15626.339873 0.067601 0.048141 0.000000 67.967208 0.000185 51911.303838 51931.303709 11913 67.415 6.968 
51925.565025 11.19415427488655367938 0.00000000001410011636 -15626.452756 0.061900 0.044146 0.000000 67.967208 0.000185 51916.304220 51936.305214 11062 67.394 6.594 
51930.686220 11.19414736059403381319 0.00000000001391776075 -15626.757892 0.064837 0.040462 0.000000 67.967208 0.000185 51921.304672 51941.305561 10451 67.928 6.282 
51936.292454 11.19413979113943469201 0.00000000001672758737 -15627.397826 0.074006 0.036428 0.000000 67.967208 0.000185 51926.305956 51946.306776 9398 67.725 5.990 
51941.237119 11.19413311509198649674 0.00000000001473052172 -15626.558766 0.065033 0.032871 0.000000 67.967208 0.000185 51931.306084 51951.307459 10470 69.198 6.295 
51946.738253 11.19412568804605534467 0.00000000001504030863 -15625.232245 0.070402 0.028913 0.000000 67.967208 0.000185 51936.306107 51956.306718 10665 69.442 6.594 
51951.444868 11.19411933413746496058 0.00000000001534523487 -15624.783338 0.066611 0.025527 0.000000 67.967208 0.000185 51941.306478 51960.892112 11106 69.931 6.832 
51955.838002 11.19411340369231666614 0.00000000001558142687 -15623.827957 0.067261 0.022366 0.000000 67.967208 0.000185 51946.307693 51966.308431 11196 70.460 6.972 
51960.847545 11.19410664149019929425 0.00000000001520079040 -15623.035349 0.069617 0.018762 0.000000 67.967208 0.000185 51951.308375 51971.309473 10831 70.422 6.856 
51965.768464 11.19409999922493348379 0.00000000001626774825 -15622.318808 0.073079 0.015221 0.000000 67.967208 0.000185 51956.309117 51975.848698 10004 71.371 6.627 
51971.409808 11.19409238491295610629 0.00000000001608403776 -15621.441229 0.071095 0.011163 0.000000 67.967208 0.000185 51962.164973 51982.166730 9635 72.249 6.425 
51977.131063 11.19408466274190061540 0.00000000001569691876 -15622.187246 0.073857 0.007047 0.000000 67.967208 0.000185 51967.165332 51987.165978 9281 70.992 6.119 
51982.526612 11.19407737997592988677 0.00000000001637499539 -15622.746156 0.069967 0.003165 0.000000 67.967208 0.000185 51972.166512 51992.168107 9269 68.961 5.949 
51985.775605 11.19407299453962245650 0.00000000001883049633 -15622.270465 0.091615 0.000827 0.000000 67.967208 0.000185 51977.168144 51994.798998 8587 67.616 5.987 
51989.535578 11.19406791945309009861 0.00000000002527064448 -15621.941501 0.074465 -0.001878 0.000000 67.967208 0.000185 51982.169105 52001.780781 6808 67.599 6.222 
51997.317567 11.19405741585456404152 0.00000000001622181853 -15621.934701 0.097283 -0.007477 0.000000 67.967208 0.000185 51987.169811 52007.170504 7010 73.625 7.916 
52005.129892 11.19404687157626199223 0.00000000002930647379 -15621.341310 0.083637 -0.013097 0.000000 67.967208 0.000185 51992.170482 52012.171174 8070 78.215 9.607 
52010.631893 11.19403944566772501901 0.00000000001918481271 -15621.243161 0.087809 -0.017056 0.000000 67.967208 0.000185 52001.057750 52019.731001 11736 81.816 10.455 
52014.133162 11.19403472040191793724 0.00000000002163636489 -15619.373999 0.080982 -0.019575 0.000000 67.967208 0.000185 52006.058850 52026.060317 10490 82.888 10.554 
52021.006765 11.19402544476673355689 0.00000000001610577034 -15617.669910 0.083129 -0.024520 0.000000 67.967208 0.000185 52011.059579 52031.061499 10702 84.392 10.363 
52027.155700 11.19401714754818755182 0.00000000001969201533 -15617.932294 0.078714 -0.028944 0.000000 67.967208 0.000185 52016.061027 52036.062112 11125 84.781 10.588 
52031.921519 11.19401071684404946893 0.00000000002158340684 -15617.290202 0.105235 -0.032373 0.000000 67.967208 0.000185 52022.000239 52039.677320 11866 85.873 11.618 
52010.631893 11.19403944549402396547 0.00000000001900277672 -15621.197778 0.086976 0.058615 0.000000 67.924314 0.000159 52001.057750 52019.731001 11736 81.040 10.257 
52014.133162 11.19403472022191436963 0.00000000002190310362 -15619.630157 0.081980 0.058615 0.000000 67.924314 0.000159 52006.058850 52026.060317 10490 83.910 10.816 
52021.006765 11.19402544456502113235 0.00000000001658109657 -15617.533762 0.085583 0.058615 0.000000 67.924314 0.000159 52011.059579 52031.061499 10702 86.882 10.984 
52027.155700 11.19401714748710574554 0.00000000002010037844 -15617.416544 0.080347 0.058615 0.000000 67.924314 0.000159 52016.061027 52036.062112 11125 86.539 11.032 
52032.977094 11.19400929244927844763 0.00000000001754390942 -15617.533615 0.077945 0.058615 0.000000 67.924314 0.000159 52022.000239 52042.001950 13428 83.047 11.251 
52037.197208 11.19400359753588602985 0.00000000001420379623 -15619.189394 0.063351 0.058615 0.000000 67.924314 0.000159 52027.000679 52047.002320 15647 78.448 11.178 
52042.435242 11.19399652875078565728 0.00000000001272573109 -15619.763215 0.056662 0.058615 0.000000 67.924314 0.000159 52032.001419 52052.003396 16653 72.257 10.804 
52047.330489 11.19398992232539491454 0.00000000001167360061 -15619.702140 0.051804 0.058615 0.000000 67.924314 0.000159 52037.001732 52057.002621 17864 67.757 10.399 
52052.159890 11.19398340475462205745 0.00000000001110434613 -15620.256840 0.049004 0.058615 0.000000 67.924314 0.000159 52042.002867 52062.003755 18775 65.691 10.256 
52056.968109 11.19397691572112130132 0.00000000001055219046 -15619.983095 0.047189 0.058615 0.000000 67.924314 0.000159 52047.003236 52067.004936 19379 63.977 9.768 
52060.040889 11.19397276878968305880 0.00000000001403840924 -15619.648058 0.074499 0.058615 0.000000 67.924314 0.000159 52052.004324 52068.596880 15766 63.456 9.514 
52062.541796 11.19396939375589461463 0.00000000002436402052 -15620.284386 0.182185 0.058615 0.000000 67.924314 0.000159 52057.005007 52068.596880 10921 64.268 9.514 
52067.972162 11.19396206550160854931 0.00000000003210450083 -15617.853869 0.098207 0.058615 0.000000 67.924314 0.000159 52062.006129 52079.567737 7635 62.045 8.552 
52079.929689 11.19394592992904335915 0.00000000002194627897 -15618.335695 0.065194 0.058615 0.000000 67.924314 0.000159 52067.007276 52087.008929 5643 56.151 7.547 
52089.667510 11.19393278940704661295 0.00000000001345327929 -15618.083005 0.045929 0.058615 0.000000 67.924314 0.000159 52078.057541 52098.059519 15357 60.319 7.607 
52093.834577 11.19392716656510167184 0.00000000001070487746 -15617.189833 0.047081 0.058615 0.000000 67.924314 0.000159 52084.001303 52104.003280 18459 63.346 7.672 
52098.592982 11.19392074607623044358 0.00000000001085483917 -15616.564465 0.049518 0.058615 0.000000 67.924314 0.000159 52089.001662 52109.003095 18138 66.738 7.665 
52103.305364 11.19391438776241720632 0.00000000001222880954 -15616.379220 0.054361 0.058615 0.000000 67.924314 0.000159 52094.001801 52114.003616 16638 69.083 7.608 
52108.286303 11.19390766720981211790 0.00000000001377340469 -15616.472841 0.058598 0.058615 0.000000 67.924314 0.000159 52099.002195 52119.003917 14911 69.759 7.353 
52113.343470 11.19390084371432614319 0.00000000001319288959 -15616.569979 0.060152 0.058615 0.000000 67.924314 0.000159 52104.002738 52124.003674 14114 70.875 7.212 
52118.808958 11.19389346927295925127 0.00000000001376173633 -15616.972487 0.060640 0.058615 0.000000 67.924314 0.000159 52109.004011 52128.998524 13012 72.642 6.989 
52123.125117 11.19388764555871595974 0.00000000001657492596 -15616.393349 0.081048 0.058615 0.000000 67.924314 0.000159 52114.004532 52132.021591 11692 73.979 6.965 
52127.637240 11.19388155771272330696 0.00000000001743338833 -15615.585209 0.075809 0.058615 0.000000 67.924314 0.000159 52119.004834 52137.960051 10706 73.526 7.005 
52133.066343 11.19387423284790195055 0.00000000001700245751 -15615.558509 0.067307 0.058615 0.000000 67.924314 0.000159 52124.006060 52144.006625 9354 70.046 6.816 
52140.294030 11.19386448121851529436 0.00000000001592946341 -15615.988547 0.068182 0.058615 0.000000 67.924314 0.000159 52129.006732 52149.008328 10209 68.393 6.817 
52145.907283 11.19385690797523302820 0.00000000001613431566 -15615.222289 0.057352 0.058615 0.000000 67.924314 0.000159 52134.692821 52154.693523 12380 68.361 6.604 
52151.250485 11.19384970030471215807 0.00000000001239851113 -15611.242283 0.056428 0.058615 0.000000 67.924314 0.000159 52141.672901 52161.674866 15247 69.423 6.592 
52156.141370 11.19384310322646669533 0.00000000001338117388 -15611.586350 0.060268 0.058615 0.000000 67.924314 0.000159 52146.673711 52166.675271 14441 71.439 6.632 
52160.769647 11.19383686011905609803 0.00000000001473909263 -15614.073510 0.065237 0.058615 0.000000 67.924314 0.000159 52151.674475 52171.676092 13093 70.876 6.338 
52165.492670 11.19383048846448858171 0.00000000001566185001 -15614.205625 0.069475 0.058615 0.000000 67.924314 0.000159 52156.675875 52176.676868 11638 71.017 6.228 
52170.952854 11.19382312246177413328 0.00000000001528683734 -15613.336431 0.068894 0.058615 0.000000 67.924314 0.000159 52161.677276 52181.678651 10666 72.908 6.253 
52176.948578 11.19381503428822632884 0.00000000001532028684 -15613.116479 0.071756 0.058615 0.000000 67.924314 0.000159 52166.677657 52186.676069 10487 73.479 6.299 
52181.183776 11.19380932119829274995 0.00000000001762412837 -15612.725740 0.068693 0.058615 0.000000 67.924314 0.000159 52171.678468 52191.680086 9343 73.311 6.454 
52187.166918 11.19380125040967577377 0.00000000001449333669 -15612.267321 0.072373 0.058615 0.000000 67.924314 0.000159 52176.679278 52196.680421 10772 70.748 6.574 
52191.602051 11.19379526792780765732 0.00000000001675334213 -15611.884893 0.076894 0.058615 0.000000 67.924314 0.000159 52181.679545 52201.681186 10530 68.342 6.541 
52197.770111 11.19378694801661211500 0.00000000001665837851 -15612.270732 0.083532 0.058615 0.000000 67.924314 0.000159 52186.679903 52206.681255 11128 67.691 6.525 
52201.608072 11.19378177116664474511 0.00000000001327961902 -15611.605657 0.062604 0.058615 0.000000 67.924314 0.000159 52191.681026 52211.682089 13266 69.590 6.625 
52207.296367 11.19377409908230269764 0.00000000001392315875 -15610.034996 0.057800 0.058615 0.000000 67.924314 0.000159 52196.681338 52216.681927 13482 70.854 6.628 
52211.793535 11.19376803370905015811 0.00000000001257378693 -15609.598787 0.056171 0.058615 0.000000 67.924314 0.000159 52201.682103 52221.683767 15079 70.912 6.554 
52216.500921 11.19376168501466040084 0.00000000001307123564 -15609.892080 0.057131 0.058615 0.000000 67.924314 0.000159 52206.682172 52226.683547 14817 69.553 6.523 
52221.492477 11.19375495288338306921 0.00000000001207529974 -15609.839811 0.055537 0.058615 0.000000 67.924314 0.000159 52211.682982 52231.151903 15247 66.313 6.495 
52226.106218 11.19374873030900552351 0.00000000001313280709 -15610.391235 0.056139 0.058615 0.000000 67.924314 0.000159 52216.684266 52236.685340 14150 65.652 6.553 
52231.233909 11.19374181443469140618 0.00000000001341232669 -15610.045016 0.059024 0.058615 0.000000 67.924314 0.000159 52221.684683 52241.125191 13457 66.630 6.632 
52234.503091 11.19373740536559580505 0.00000000001673805202 -15609.110655 0.074434 0.058615 0.000000 67.924314 0.000159 52226.685956 52245.114773 10847 67.520 6.660 
52240.156492 11.19372978095791282271 0.00000000002092082459 -15609.289389 0.070758 0.058615 0.000000 67.924314 0.000159 52232.425088 52252.425550 8379 71.066 6.512 
52247.009950 11.19372053814505285629 0.00000000001719619840 -15609.860594 0.095279 0.058615 0.000000 67.924314 0.000159 52237.425238 52257.426799 7257 73.389 6.289 
52255.111681 11.19370961233520134215 0.00000000002156222220 -15607.517164 0.078285 0.058615 0.000000 67.924314 0.000159 52244.391720 52264.392250 7325 75.613 6.281 
52259.867629 11.19370319916606248967 0.00000000001568325767 -15606.538200 0.073342 0.058615 0.000000 67.924314 0.000159 52249.954510 52269.955480 9555 76.014 6.227 
52266.395639 11.19369439656680675910 0.00000000001869638355 -15607.133768 0.084287 0.058615 0.000000 67.924314 0.000159 52254.955100 52274.792273 9586 75.537 6.251 
52270.891247 11.19368833418898923071 0.00000000001726064746 -15608.122824 0.073171 0.058615 0.000000 67.924314 0.000159 52259.956142 52279.957169 10400 74.819 6.292 
52275.180596 11.19368254973940324248 0.00000000001667587888 -15608.682960 0.082709 0.058615 0.000000 67.924314 0.000159 52264.958896 52284.959889 11147 74.328 6.368 
52279.923065 11.19367615429953133344 0.00000000001534085291 -15607.718985 0.064135 0.058615 0.000000 67.924314 0.000159 52269.959325 52289.961301 11267 73.830 6.499 
52286.258528 11.19366761132573451221 0.00000000001438719373 -15605.947405 0.068546 0.058615 0.000000 67.924314 0.000159 52276.323144 52296.323905 12431 73.875 6.778 
52291.966661 11.19365991491307177341 0.00000000001511822855 -15605.252399 0.064459 0.058615 0.000000 67.924314 0.000159 52281.323433 52301.324843 13230 74.893 7.413 
52297.172090 11.19365289613803504665 0.00000000001466497563 -15606.461973 0.068212 0.058615 0.000000 67.924314 0.000159 52286.324857 52306.325896 14772 75.609 8.016 
52301.715306 11.19364676987144235909 0.00000000001382951468 -15607.338875 0.060540 0.058615 0.000000 67.924314 0.000159 52291.326280 52311.328211 16449 77.334 8.685 
52306.309622 11.19364057448571259101 0.00000000001380511811 -15607.535054 0.060391 0.058615 0.000000 67.924314 0.000159 52296.326281 52316.326997 17423 79.266 9.130 
52310.181475 11.19363535335874182408 0.00000000001608046471 -15607.401466 0.072446 0.058615 0.000000 67.924314 0.000159 52301.327218 52321.328409 15734 80.408 9.234 
52315.362292 11.19362836727869492393 0.00000000001508686574 -15606.855762 0.065705 0.058615 0.000000 67.924314 0.000159 52306.328271 52326.329751 14819 80.440 8.798 
52321.079907 11.19362065770007497179 0.00000000001395298398 -15605.894597 0.067008 0.058615 0.000000 67.924314 0.000159 52311.329128 52331.330920 14079 79.003 7.992 
52326.263028 11.19361366887491548994 0.00000000001655400314 -15606.392080 0.070028 0.058615 0.000000 67.924314 0.000159 52316.329371 52336.330630 12241 75.513 7.134 
52329.771646 11.19360893794643097010 0.00000000001766035832 -15606.669051 0.073248 0.058615 0.000000 67.924314 0.000159 52321.330714 52341.331499 11598 72.925 6.535 
52333.645019 11.19360371501291950835 0.00000000002132114592 -15605.850141 0.089502 0.058615 0.000000 67.924314 0.000159 52326.332125 52346.333837 9140 72.110 6.260 
52339.756865 11.19359547412435951230 0.00000000001975904988 -15605.976387 0.082441 0.058615 0.000000 67.924314 0.000159 52331.333271 52351.335063 6902 71.877 5.893 
52346.891154 11.19358585468261679807 0.00000000001978795613 -15605.621660 0.094214 0.058615 0.000000 67.924314 0.000159 52336.334464 52356.336290 6635 76.844 6.355 
52352.646573 11.19357809433570771773 0.00000000002372155027 -15605.974475 0.092489 0.058615 0.000000 67.924314 0.000159 52341.335331 52361.336325 6945 81.679 7.256 
52357.349121 11.19357175383398050883 0.00000000002253720684 -15605.615220 0.102177 0.058615 0.000000 67.924314 0.000159 52346.336211 52366.337239 8626 87.793 8.590 
52361.748574 11.19356582204716943352 0.00000000002120801944 -15605.011972 0.094076 0.058615 0.000000 67.924314 0.000159 52351.338896 52370.770665 9731 90.174 9.378 
52366.124818 11.19355992150883416514 0.00000000002272827396 -15605.745464 0.097500 0.058615 0.000000 67.924314 0.000159 52356.340100 52376.341093 9347 90.268 9.530 
52370.718328 11.19355372802675852029 0.00000000002025404153 -15605.160446 0.091342 0.058615 0.000000 67.924314 0.000159 52361.340158 52381.341406 9619 88.999 9.302 
52376.124642 11.19354643933362858377 0.00000000001981259260 -15602.817276 0.089178 0.058615 0.000000 67.924314 0.000159 52366.341049 52386.341857 9170 86.868 8.781 
52382.130364 11.19353834325631069646 0.00000000001860921517 -15602.042210 0.083340 0.058615 0.000000 67.924314 0.000159 52372.042368 52392.042957 9275 82.758 8.198 
52387.365958 11.19353128548222642280 0.00000000001795393833 -15602.762716 0.082208 0.058615 0.000000 67.924314 0.000159 52377.045482 52397.047412 9935 81.893 8.809 
52391.392050 11.19352585793430421290 0.00000000002189328689 -15602.889471 0.107115 0.058615 0.000000 67.924314 0.000159 52382.048433 52399.999206 9321 81.747 9.459 
53103.820800 11.19256685690335295646 0.00000000001665479461 -15555.480656 0.073541 0.044585 0.000000 67.950315 0.000323 53093.069626 53113.071579 8820 65.923 5.549 
53107.970726 11.19256127946648327054 0.00000000001634990356 -15555.318085 0.073560 0.044585 0.000000 67.950315 0.000323 53098.077577 53118.079310 9345 65.222 5.573 
53111.736331 11.19255621861887028956 0.00000000001870065143 -15555.123367 0.080241 0.044585 0.000000 67.950315 0.000323 53103.165192 53123.155920 8427 65.708 5.612 
53115.703272 11.19255088735519265697 0.00000000002360992402 -15553.865900 0.088860 0.044585 0.000000 67.950315 0.000323 53108.165551 53128.061834 6712 67.853 5.781 
53122.092502 11.19254230151632434342 0.00000000001931696729 -15552.055287 0.091375 0.044585 0.000000 67.950315 0.000323 53113.166929 53133.168605 5717 71.336 5.795 
53129.949570 11.19253174450258825345 0.00000000002273856943 -15550.543955 0.088915 0.044585 0.000000 67.950315 0.000323 53118.169197 53138.170294 5876 70.625 5.736 
53134.677957 11.19252539214033781434 0.00000000002434406830 -15548.684658 0.106893 0.044585 0.000000 67.950315 0.000323 53123.169961 53141.660317 6565 66.419 5.631 
53138.767777 11.19251989785201395478 0.00000000001727271747 -15548.410486 0.071119 0.044585 0.000000 67.950315 0.000323 53128.969833 53148.969472 7779 63.554 5.528 
53144.203739 11.19251259496177830499 0.00000000001465890066 -15549.909756 0.073527 0.044585 0.000000 67.950315 0.000323 53133.972345 53153.973513 8563 62.861 5.622 
53149.450945 11.19250554495882177264 0.00000000001771133557 -15550.925265 0.067448 0.044585 0.000000 67.950315 0.000323 53138.972785 53158.971811 8304 63.707 5.616 
53153.288692 11.19250038852605477757 0.00000000001907020713 -15551.250799 0.084419 0.044585 0.000000 67.950315 0.000323 53145.162056 53164.301152 8178 65.929 5.633 
53157.155037 11.19249519358455735585 0.00000000002699093308 -15551.447788 0.093765 0.044585 0.000000 67.950315 0.000323 53150.162624 53170.159994 6018 69.868 5.774 
53164.235158 11.19248568060312898353 0.00000000002236643730 -15550.896859 0.114222 0.044585 0.000000 67.950315 0.000323 53155.164081 53175.158594 4956 76.996 6.152 
53171.157330 11.19247638009260903402 0.00000000002899362238 -15550.383523 0.112961 0.044585 0.000000 67.950315 0.000323 53160.166246 53180.154345 4424 80.313 6.305 
53177.469739 11.19246789885281678778 0.00000000002582899965 -15551.112817 0.116715 0.044585 0.000000 67.950315 0.000323 53167.304441 53187.303177 5352 80.619 6.277 
53183.962953 11.19245917469542739298 0.00000000002034310180 -15550.531183 0.087727 0.044585 0.000000 67.950315 0.000323 53172.304578 53192.306440 6952 77.135 5.873 
53187.105868 11.19245495214169672238 0.00000000002984233195 -15549.241688 0.161316 0.044585 0.000000 67.950315 0.000323 53177.309302 53193.091000 6276 75.505 5.730 
53201.775951 11.19245814858573950801 0.00000000002516872300 -15736.530318 0.092093 7.522841 0.000000 67.952210 0.113595 53193.900054 53213.899715 16587 114.262 14.796 
53206.650434 11.19245152741104654126 0.00000000002193192214 -15704.914631 0.095647 7.522841 0.000000 67.952210 0.113595 53198.901408 53218.901939 13056 102.053 11.383 
53211.614143 11.19244479865694685827 0.00000000003668021500 -15684.004210 0.187252 7.522841 0.000000 67.952210 0.113595 53203.901779 53219.109867 7132 103.433 10.933 
53232.447114 11.19241658305688780217 0.00000000001520102388 -15668.356083 0.072651 0.166405 0.000000 67.954534 0.000159 53222.073729 53501.326785 15190 72.899 5.833 
53236.788601 11.19241070611338173535 0.00000000001132969294 -15666.631575 0.050359 0.166405 0.000000 67.954534 0.000159 53222.073729 53501.326785 20857 68.451 5.535 
53241.482881 11.19240435236412700704 0.00000000001023422363 -15665.133816 0.043050 0.166405 0.000000 67.954534 0.000159 53222.073729 53501.326785 24940 66.602 5.502 
53246.055914 11.19239816333311665630 0.00000000000948401004 -15663.397798 0.042077 0.166405 0.000000 67.954534 0.000159 53222.073729 53501.326785 27462 64.960 5.385 
53250.012805 11.19239280872779929155 0.00000000000878737024 -15661.634555 0.037852 0.166405 0.000000 67.954534 0.000159 53222.073729 53501.326785 28051 63.825 5.256 
53255.051533 11.19238599082680707397 0.00000000000858344796 -15659.937045 0.039294 0.166405 0.000000 67.954534 0.000159 53222.073729 53501.326785 27754 64.540 5.229 
53259.551617 11.19237990234314317206 0.00000000000971987840 -15658.586436 0.041892 0.166405 0.000000 67.954534 0.000159 53222.073729 53501.326785 24260 65.080 5.164 
53264.873695 11.19237270238273396217 0.00000000001044596817 -15657.332593 0.044882 0.166405 0.000000 67.954534 0.000159 53222.073729 53501.326785 21784 66.942 5.323 
53269.767020 11.19236608310277070188 0.00000000001032595588 -15655.398000 0.047331 0.166405 0.000000 67.954534 0.000159 53222.073729 53501.326785 20595 69.051 5.539 
53276.281234 11.19235727216881137736 0.00000000001101963128 -15654.015290 0.048784 0.166405 0.000000 67.954534 0.000159 53222.073729 53501.326785 19999 69.013 5.595 
53280.814739 11.19235114090648508522 0.00000000001067839641 -15652.597979 0.046421 0.166405 0.000000 67.954534 0.000159 53222.073729 53501.326785 21092 67.149 5.504 
53286.149427 11.19234392695848434585 0.00000000000942587359 -15650.174149 0.043144 0.166405 0.000000 67.954534 0.000159 53222.073729 53501.326785 23374 63.374 5.360 
53290.866838 11.19233754806218783528 0.00000000000869995682 -15650.198472 0.039184 0.166405 0.000000 67.954534 0.000159 53222.073729 53501.326785 26063 61.419 5.314 
53294.381874 11.19233279535335157107 0.00000000001074538489 -15649.590868 0.043729 0.166405 0.000000 67.954534 0.000159 53222.073729 53501.326785 21986 60.092 5.323 
53297.702058 11.19232830613177398504 0.00000000001352513767 -15647.560290 0.046538 0.166405 0.000000 67.954534 0.000159 53222.073729 53501.326785 18627 59.982 5.428 
53303.035037 11.19232109633348670741 0.00000000001357780937 -15647.097955 0.055860 0.166405 0.000000 67.954534 0.000159 53222.073729 53501.326785 14067 61.583 5.533 
53310.752403 11.19231066340530489356 0.00000000001575283817 -15646.428660 0.065546 0.166405 0.000000 67.954534 0.000159 53222.073729 53501.326785 8840 63.494 5.523 
53316.331949 11.19230312119037762386 0.00000000001480776232 -15644.200638 0.071409 0.166405 0.000000 67.954534 0.000159 53222.073729 53501.326785 9208 65.332 5.485 
53321.042067 11.19229675486465147571 0.00000000001567460137 -15643.173193 0.076407 0.166405 0.000000 67.954534 0.000159 53222.073729 53501.326785 9014 66.308 5.469 
53326.408753 11.19228950195351224295 0.00000000001808776835 -15641.259422 0.080695 0.166405 0.000000 67.954534 0.000159 53222.073729 53501.326785 8474 66.550 5.533 
53330.353564 11.19228417101511396936 0.00000000001720588499 -15640.189114 0.069489 0.166405 0.000000 67.954534 0.000159 53222.073729 53501.326785 8549 66.662 5.599 
53335.575655 11.19227711434229455278 0.00000000001722828084 -15640.629914 0.080534 0.166405 0.000000 67.954534 0.000159 53222.073729 53501.326785 7605 67.199 5.607 
53340.540695 11.19227040488061675205 0.00000000001817245812 -15640.626435 0.085136 0.166405 0.000000 67.954534 0.000159 53222.073729 53501.326785 7038 67.514 5.506 
53346.737617 11.19226203094060245746 0.00000000001945454671 -15639.563354 0.090623 0.166405 0.000000 67.954534 0.000159 53222.073729 53501.326785 6801 70.584 5.689 
53352.991162 11.19225358089804700512 0.00000000002150020132 -15639.167655 0.101299 0.166405 0.000000 67.954534 0.000159 53222.073729 53501.326785 5842 71.878 5.707 
53358.296038 11.19224641304536227437 0.00000000002077427816 -15638.363620 0.089727 0.166405 0.000000 67.954534 0.000159 53222.073729 53501.326785 5834 71.220 5.605 
53361.390198 11.19224223237585214008 0.00000000002508307481 -15637.765981 0.133044 0.166405 0.000000 67.954534 0.000159 53222.073729 53501.326785 5241 71.368 5.615 
53364.021147 11.19223867777344239016 0.00000000004306503930 -15638.161042 0.325506 0.166405 0.000000 67.954534 0.000159 53222.073729 53501.326785 3705 70.228 5.384 
53368.590614 11.19223250391299906426 0.00000000007100671601 -15637.771355 0.148314 0.166405 0.000000 67.954534 0.000159 53222.073729 53501.326785 2505 69.229 5.253 
53380.640669 11.19221622349490807835 0.00000000005333471195 -15636.902053 0.171930 0.166405 0.000000 67.954534 0.000159 53222.073729 53501.326785 2207 69.496 5.323 
53388.342135 11.19220581899409872051 0.00000000004218058631 -15635.602521 0.287023 0.166405 0.000000 67.954534 0.000159 53222.073729 53501.326785 3281 68.299 5.186 
53392.374107 11.19220037199426975860 0.00000000005133111564 -15636.141896 0.134906 0.166405 0.000000 67.954534 0.000159 53222.073729 53501.326785 2781 69.379 5.362 
53399.539658 11.19219069212522654766 0.00000000002344172912 -15634.057229 0.156970 0.166405 0.000000 67.954534 0.000159 53222.073729 53501.326785 2546 68.648 5.444 
53408.976399 11.19217794593315318252 0.00000000009952081471 -15632.028811 0.507241 0.166405 0.000000 67.954534 0.000159 53222.073729 53501.326785 2184 68.313 5.766 
53414.089174 11.19217103980773586613 0.00000000002936347283 -15632.894388 0.137830 0.166405 0.000000 67.954534 0.000159 53222.073729 53501.326785 5047 67.627 5.797 
53418.695908 11.19216481761681514229 0.00000000001971566744 -15632.440580 0.082487 0.166405 0.000000 67.954534 0.000159 53222.073729 53501.326785 7560 68.625 5.766 
53425.013575 11.19215628539279450138 0.00000000001586345592 -15630.350454 0.072353 0.166405 0.000000 67.954534 0.000159 53222.073729 53501.326785 8881 69.997 5.772 
53431.466567 11.19214757112451685828 0.00000000001637593651 -15629.404363 0.078814 0.166405 0.000000 67.954534 0.000159 53222.073729 53501.326785 9249 71.632 5.841 
53434.256699 11.19214380341807846264 0.00000000002535980874 -15629.443059 0.132075 0.166405 0.000000 67.954534 0.000159 53222.073729 53501.326785 7448 72.087 5.904 
53439.300879 11.19213699178447818383 0.00000000002042530335 -15629.587666 0.076755 0.166405 0.000000 67.954534 0.000159 53222.073729 53501.326785 7570 70.793 5.893 
53446.800911 11.19212686406183543397 0.00000000001534844974 -15628.625035 0.077043 0.166405 0.000000 67.954534 0.000159 53222.073729 53501.326785 9252 70.106 6.009 
53455.477361 11.19211514833896359278 0.00000000001739225852 -15627.841709 0.067481 0.166405 0.000000 67.954534 0.000159 53222.073729 53501.326785 10255 69.365 5.914 
53460.377520 11.19210853199328603580 0.00000000001418911393 -15627.842100 0.071302 0.166405 0.000000 67.954534 0.000159 53222.073729 53501.326785 11076 70.052 6.056 
53463.672396 11.19210408320487282197 0.00000000002338459969 -15628.019816 0.148863 0.166405 0.000000 67.954534 0.000159 53222.073729 53501.326785 7488 70.445 6.039 
53466.711413 11.19209997972873260608 0.00000000005526311120 -15629.708980 0.399488 0.166405 0.000000 67.954534 0.000159 53222.073729 53501.326785 4851 70.366 6.134 
53468.388317 11.19209771506007733421 0.00000000012134773960 -15631.361228 2.290425 0.166405 0.000000 67.954534 0.000159 53222.073729 53501.326785 2958 70.442 6.221 
53498.236541 11.19205741836584877547 0.00000000012207967031 -15627.134895 1.044617 0.166405 0.000000 67.954534 0.000159 53222.073729 53501.326785 1788 70.783 5.612 
53536.891682 11.19200524106486938081 0.00000000002052401426 -15622.131236 0.103613 0.116319 0.000000 67.948342 0.000159 53527.310068 53668.797466 6001 58.507 5.916 
53544.686601 11.19199472015892560250 0.00000000001461084804 -15621.233752 0.074220 0.116319 0.000000 67.948342 0.000159 53527.310068 53668.797466 7420 59.075 5.731 
53550.839715 11.19198641569712293631 0.00000000001690843811 -15620.380052 0.067591 0.116319 0.000000 67.948342 0.000159 53527.310068 53668.797466 7182 60.625 5.451 
53558.043240 11.19197669476587364557 0.00000000001417638680 -15617.331265 0.065913 0.116319 0.000000 67.948342 0.000159 53527.310068 53668.797466 8600 63.127 5.414 
53563.173486 11.19196977502148904193 0.00000000012358147007 -15604.537572 0.551601 0.116319 0.000000 67.948342 0.000159 53527.310068 53668.797466 7883 483.683 324.511 
53568.654735 11.19196237746428579385 0.00000000011605722533 -15622.015651 0.507505 0.116319 0.000000 67.948342 0.000159 53527.310068 53668.797466 8355 471.365 338.293 
53573.154476 11.19195630457950940695 0.00000000010941244274 -15625.004460 0.523005 0.116319 0.000000 67.948342 0.000159 53527.310068 53668.797466 8725 442.668 320.983 
53578.440387 11.19194917075062889467 0.00000000011120127657 -15615.835729 0.463440 0.116319 0.000000 67.948342 0.000159 53527.310068 53668.797466 8597 440.460 325.280 
53582.568209 11.19194360252619269147 0.00000000001464854853 -15616.643455 0.069852 0.116319 0.000000 67.948342 0.000159 53527.310068 53668.797466 8594 58.078 5.568 
53587.815107 11.19193652302037200741 0.00000000001519616001 -15616.325405 0.066114 0.116319 0.000000 67.948342 0.000159 53527.310068 53668.797466 8033 60.328 5.552 
53592.226640 11.19193057079734110459 0.00000000001834179564 -15616.846012 0.082877 0.116319 0.000000 67.948342 0.000159 53527.310068 53668.797466 7117 63.091 5.452 
53595.278661 11.19192645271808395080 0.00000000002996808222 -15616.200176 0.174655 0.116319 0.000000 67.948342 0.000159 53527.310068 53668.797466 4784 64.679 5.368 
53598.258982 11.19192243154848043218 0.00000000005851076824 -15614.150025 0.143066 0.116319 0.000000 67.948342 0.000159 53527.310068 53668.797466 3132 67.848 5.390 
53606.686438 11.19191106283729553184 0.00000000004097810376 -15612.902384 0.212210 0.116319 0.000000 67.948342 0.000159 53527.310068 53668.797466 1799 70.971 5.452 
53619.308870 11.19189403624510781299 0.00000000007312263098 -15612.226020 0.331336 0.116319 0.000000 67.948342 0.000159 53527.310068 53668.797466 2141 70.000 5.530 
53622.531830 11.19188968883182511149 0.00000000003186172411 -15611.759921 0.131483 0.116319 0.000000 67.948342 0.000159 53527.310068 53668.797466 3484 69.557 5.418 
53627.759192 11.19188263818135098404 0.00000000002303184806 -15610.509654 0.106821 0.116319 0.000000 67.948342 0.000159 53527.310068 53668.797466 4206 70.157 5.425 
53633.903124 11.19187435134667651937 0.00000000002636786161 -15611.494632 0.118961 0.116319 0.000000 67.948342 0.000159 53527.310068 53668.797466 3770 71.107 5.495 
53640.446464 11.19186552566200987258 0.00000000002604317441 -15611.101882 0.107321 0.116319 0.000000 67.948342 0.000159 53527.310068 53668.797466 4650 70.063 5.457 
53643.611666 11.19186125644431584192 0.00000000002217257313 -15610.876337 0.101910 0.116319 0.000000 67.948342 0.000159 53527.310068 53668.797466 5570 68.788 5.484 
53647.324303 11.19185624896009123574 0.00000000002641200761 -15610.624408 0.112440 0.116319 0.000000 67.948342 0.000159 53527.310068 53668.797466 4969 67.614 5.452 
53649.891088 11.19185278699663221857 0.00000000003497205671 -15610.702943 0.123826 0.116319 0.000000 67.948342 0.000159 53527.310068 53668.797466 4252 66.909 5.423 
53656.346544 11.19184408023306609437 0.00000000003140278033 -15610.323431 0.114162 0.116319 0.000000 67.948342 0.000159 53527.310068 53668.797466 3087 67.238 5.650 
53662.710933 11.19183549651299891536 0.00000000005424024553 -15609.992007 0.273573 0.116319 0.000000 67.948342 0.000159 53527.310068 53668.797466 1745 68.065 5.662 
